"mz","rt","mzmin","mzmax","rtmin","rtmax","compound_name","ChEBI","InChIKey","formula","adduct","polarity","matched_to_library","RTI","mixture"
434.173777085029,380.928965066832,434.17096192565,434.180023741177,379.327844646908,383.445010513045,"(3S,5R)-fluvastatin","CHEBI:5136","FJLGEFLZQAZZCD-JUFISIKESA-N","C24H26FNO4","[M+Na]+","pos",FALSE,1235.36574217721,"3_1"
412.19193262377,380.928965066832,412.045288085938,412.192230224609,378.641946798532,383.215870447418,"(3S,5R)-fluvastatin","CHEBI:5136","FJLGEFLZQAZZCD-JUFISIKESA-N","C24H26FNO4","[M+H]+","pos",FALSE,1235.36574217721,"3_1"
410.17544195571,368.308317468094,410.173448436419,410.176486607259,366.425027171272,370.698604591977,"(3S,5R)-fluvastatin","CHEBI:5136","FJLGEFLZQAZZCD-JUFISIKESA-N","C24H26FNO4","[M-H]-","neg",FALSE,1091.33351812625,"3_1"
182.082017149038,25.1310216265313,182.081708511252,182.082639675524,21.0190217571846,28.5610826826521,"(R)-adrenaline","CHEBI:28918","UCTWMZQNUQWSLP-VIFPVBQESA-N","C9H13NO3","[M-H]-","neg",FALSE,0,"2_3"
184.096133891051,25.0918279653718,184.09537559497,184.097515311896,21.4388099903752,31.2514713796148,"(R)-adrenaline","CHEBI:28918","UCTWMZQNUQWSLP-VIFPVBQESA-N","C9H13NO3","[M+H]+","pos",FALSE,0,"2_3"
162.113385627732,23.2800319151002,162.1129228232,162.113752771737,20.0820323184802,26.9346559934061,"(R)-carnitine","CHEBI:16347","PHIQHXFUZVPYII-ZCFIWIBFSA-N","C7H15NO3","[M+H]+","pos",FALSE,0,"2_4"
184.090732293102,22.8230317787002,184.072111736541,184.095462091068,20.3106989816602,29.6697536727214,"(R)-carnitine","CHEBI:16347","PHIQHXFUZVPYII-ZCFIWIBFSA-N","C7H15NO3","[M+Na]+","pos",FALSE,0,"2_4"
160.053281048355,24.6430277769465,160.04874273416,160.059244596868,21.9020277206665,27.3886936847865,"(R)-carnitine","CHEBI:16347","PHIQHXFUZVPYII-ZCFIWIBFSA-N","C7H15NO3","[M-H]-","neg",FALSE,0,"2_4"
226.083904391548,25.3503095172219,226.078478941226,226.086636402485,22.6083086990019,28.3266418241019,"2'-deoxycytidine","CHEBI:15698","CKTSBUTUHBMZGZ-SHYZEUOFSA-N","C9H13N3O4","[M-H]-","neg",FALSE,0,"2_8"
228.097122282429,25.1499759064587,228.062431264115,228.097573563415,21.4954459328415,27.2117441765238,"2'-deoxycytidine","CHEBI:15698","CKTSBUTUHBMZGZ-SHYZEUOFSA-N","C9H13N3O4","[M+H]+","pos",FALSE,0,"2_8"
250.078692220572,25.1499759064587,250.005480712839,250.081992346526,21.4954459328415,29.2640473957141,"2'-deoxycytidine","CHEBI:15698","CKTSBUTUHBMZGZ-SHYZEUOFSA-N","C9H13N3O4","[M+Na]+","pos",FALSE,0,"2_8"
272.080907791577,25.3503095172219,272.024271966144,272.094736648628,22.3803090117819,31.7588363068749,"2'-deoxycytidine","CHEBI:15698","CKTSBUTUHBMZGZ-SHYZEUOFSA-N","C9H13N3O4","[M+CHO2]-","neg",FALSE,0,"2_8"
268.103924832289,27.110595205037,268.058481273959,268.106216788587,23.9222844718182,30.071055847387,"2'-deoxyguanosine","CHEBI:17172","YKBGVTZYEHREMT-KVQBGUIXSA-N","C10H13N5O4","[M+H]+","pos",FALSE,204.307877482309,"2_1"
266.088181300428,36.9225637709135,265.900817871094,266.091461181641,22.7419928843682,48.8249684316232,"2'-deoxyguanosine","CHEBI:17172","YKBGVTZYEHREMT-KVQBGUIXSA-N","C10H13N5O4","[M-H]-","neg",FALSE,411.575386545155,"2_1"
290.082474515942,27.3378272951591,289.951019287109,290.091430664062,25.5173330060263,36.2307704725694,"2'-deoxyguanosine","CHEBI:17172","YKBGVTZYEHREMT-KVQBGUIXSA-N","C10H13N5O4","[M+Na]+","pos",FALSE,205.096289200807,"2_1"
251.077605652771,28.7902246292333,250.97599229643,251.078431788741,23.0750207977913,33.1389223308051,"2'-deoxyinosine","CHEBI:28997","VGONTNSXDCQUGY-RRKCRQDMSA-N","C10H12N4O4","[M-H]-","neg",FALSE,0,"2_3"
253.091902917962,27.6015746882628,253.029531321005,253.094126963928,19.3828091616352,33.9864339195728,"2'-deoxyinosine","CHEBI:28997","VGONTNSXDCQUGY-RRKCRQDMSA-N","C10H12N4O4","[M+H]+","pos",FALSE,206.008141466776,"2_3"
275.079542277957,27.6015746882628,275.05480048462,275.09043828406,24.6368095869952,30.7921915079588,"2'-deoxyinosine","CHEBI:28997","VGONTNSXDCQUGY-RRKCRQDMSA-N","C10H12N4O4","[M+Na]+","pos",FALSE,206.008141466776,"2_3"
227.066723576825,35.1995613008914,226.927139282227,227.182632446289,29.9340729253498,55.1373996523906,"2'-deoxyuridine","CHEBI:16450","MXHRCPNRJAMMIM-SHYZEUOFSA-N","C9H12N2O5","[M-H]-","neg",FALSE,0,"2_3"
251.049758245462,35.581810516108,251.036682128906,251.144241333008,30.5637179065316,40.1397928809224,"2'-deoxyuridine","CHEBI:16450","MXHRCPNRJAMMIM-SHYZEUOFSA-N","C9H12N2O5","[M+Na]+","pos",FALSE,233.842288855164,"2_3"
216.042653531663,27.2993857875808,215.986307403206,216.043058208385,22.7421053892438,33.6770205112027,"3-chloro-L-tyrosine","CHEBI:53678","ACWBBAGYTKWBCD-ZETCQYMHSA-N","C9H10ClNO3","[M+H]+","pos",FALSE,204.962911318153,"1_6"
260.042868508007,28.9679003816198,260.026690017425,260.058594471444,25.0751015908428,30.5679453736931,"3-chloro-L-tyrosine","CHEBI:53678","ACWBBAGYTKWBCD-ZETCQYMHSA-N","C9H10ClNO3","[M+CHO2]-","neg",FALSE,401.823977040602,"1_6"
214.01938534754,23.7043233084028,214.014287554211,214.028656005859,19.1263230013028,25.7603241371428,"3-chloro-L-tyrosine","CHEBI:53678","ACWBBAGYTKWBCD-ZETCQYMHSA-N","C9H10ClNO3","[M-H]-","neg",FALSE,0,"1_6"
238.060365544637,23.8841045544371,238.013711585667,238.074141532544,21.3711053774771,27.2993857875808,"3-chloro-L-tyrosine","CHEBI:53678","ACWBBAGYTKWBCD-ZETCQYMHSA-N","C9H10ClNO3","[M+Na]+","pos",FALSE,0,"1_6"
117.055682421239,214.107651246597,117.054061889648,117.05655670166,211.60085828768,216.611610164896,"3-hydroxyisovaleric acid","CHEBI:37084","AXFYFNCPONWUHW-UHFFFAOYSA-N","C5H10O3","[M-H]-","neg",FALSE,659.089463986287,"2_8"
141.052840963457,213.694764668871,141.05069513662,141.059752013152,210.953414731294,215.294094203163,"3-hydroxyisovaleric acid","CHEBI:37084","AXFYFNCPONWUHW-UHFFFAOYSA-N","C5H10O3","[M+Na]+","pos",FALSE,656.996176171603,"2_8"
305.963535735658,93.488688342319,305.963016654223,305.963945809753,84.5601154382031,108.600860415913,"3-iodo-L-tyrosine","CHEBI:27847","UQTZMGFTRHFAAM-ZETCQYMHSA-N","C9H10INO3","[M-H]-","neg",FALSE,476.236162089605,"2_2"
307.978437228598,95.6164243796518,307.977960975202,307.978958633612,79.8712381943271,109.998710932781,"3-iodo-L-tyrosine","CHEBI:27847","UQTZMGFTRHFAAM-ZETCQYMHSA-N","C9H10INO3","[M+H]+","pos",FALSE,443.236137198873,"2_2"
651.796558070292,280.859111340106,651.74560546875,651.866455078125,276.970898573879,306.310455571844,"3,3',5-triiodo-L-thyronine","CHEBI:18258","AUYYCJSJGJYCDS-LBPRGKRZSA-N","C15H12I3NO4","[M+H]+","pos",FALSE,849.617580234865,"2_2"
695.789620562867,280.732483145957,695.767323697551,695.795473971158,278.680492008044,283.70709289645,"3,3',5-triiodo-L-thyronine","CHEBI:18258","AUYYCJSJGJYCDS-LBPRGKRZSA-N","C15H12I3NO4","[M+CHO2]-","neg",FALSE,850.059258526789,"2_2"
649.785123837946,280.732483145957,649.777618490153,649.787045637133,277.996713312331,289.864224098389,"3,3',5-triiodo-L-thyronine","CHEBI:18258","AUYYCJSJGJYCDS-LBPRGKRZSA-N","C15H12I3NO4","[M-H]-","neg",FALSE,850.059258526789,"2_2"
239.091907874043,266.838154524002,239.090502721741,239.108641979789,262.266131952783,270.951995746581,"3,4,5-Trimethoxycinnamic acid","CHEBI:228320","YTFVRYKNXDADBI-SNAWJCMRSA-N","C12H14O5","[M+H]+","pos",FALSE,801.519922548246,"2_7"
237.077396337791,267.116298046103,237.076630845024,237.077750958195,263.006858772808,270.768972298471,"3,4,5-Trimethoxycinnamic acid","CHEBI:228320","YTFVRYKNXDADBI-SNAWJCMRSA-N","C12H14O5","[M-H]-","neg",FALSE,801.749180960513,"2_7"
433.874195604499,178.459914849571,433.872793030408,433.877894621069,169.541804119959,180.828587368692,"3,5-diiodo-L-tyrosine","CHEBI:15768","NYPYHUZRZVSYKL-ZETCQYMHSA-N","C9H9I2NO3","[M+H]+","pos",FALSE,586.250181819545,"2_8"
431.862613877381,178.725890972211,431.856774907911,431.866047030003,175.068409406225,181.541807675661,"3,5-diiodo-L-tyrosine","CHEBI:15768","NYPYHUZRZVSYKL-ZETCQYMHSA-N","C9H9I2NO3","[M-H]-","neg",FALSE,587.476827845654,"2_8"
455.850503376136,178.23211829365,455.823572163911,455.860687255859,175.940507536148,180.628751011759,"3,5-diiodo-L-tyrosine","CHEBI:15768","NYPYHUZRZVSYKL-ZETCQYMHSA-N","C9H9I2NO3","[M+Na]+","pos",FALSE,585.954947933843,"2_8"
525.900978218945,246.934895415545,525.841430664062,525.921875,243.046564789378,269.580505023014,"3,5-Diiodothyronine","CHEBI:89575","ZHSOTLOTTDYIIK-UHFFFAOYSA-N","C15H13I2NO4","[M+H]+","pos",FALSE,742.972014258085,"2_8"
523.884330705689,247.033484865267,523.882134425466,523.885197841981,244.523182996681,256.871077281905,"3,5-Diiodothyronine","CHEBI:89575","ZHSOTLOTTDYIIK-UHFFFAOYSA-N","C15H13I2NO4","[M-H]-","neg",FALSE,744.840463214611,"2_8"
144.066527051377,38.7896210204593,144.063323974609,144.069686889648,27.116783409434,54.1451964351083,"4-acetamidobutanoic acid","CHEBI:17645","UZTFMUBKZQVKLK-UHFFFAOYSA-N","C6H11NO3","[M-H]-","neg",FALSE,0,"2_7"
168.062851328148,40.4710675443539,168.061474060557,168.064286163141,31.5743871397103,47.542985135113,"4-acetamidobutanoic acid","CHEBI:17645","UZTFMUBKZQVKLK-UHFFFAOYSA-N","C6H11NO3","[M+Na]+","pos",FALSE,0,"2_7"
184.06042858751,27.6842430474567,184.058461605984,184.069700216787,25.8482909161665,32.0307386048172,"4-pyridoxic acid","CHEBI:17405","HXACOUQIXZGNBF-UHFFFAOYSA-N","C8H9NO4","[M+H]+","pos",FALSE,0,"2_7"
182.045426046238,28.7165224470396,182.045264627291,182.045663052169,25.517783114454,31.2342369398948,"4-pyridoxic acid","CHEBI:17405","HXACOUQIXZGNBF-UHFFFAOYSA-N","C8H9NO4","[M-H]-","neg",FALSE,0,"2_7"
206.040458400089,40.4710675443539,206.036467856013,206.042819775483,37.7336858244424,44.5773298254892,"4-pyridoxic acid","CHEBI:17405","HXACOUQIXZGNBF-UHFFFAOYSA-N","C8H9NO4","[M+Na]+","pos",FALSE,0,"2_7"
228.016310464981,41.7673448425738,228.013401838294,228.019043057206,39.0188175121383,47.0337001299807,"4-pyridoxic acid","CHEBI:17405","HXACOUQIXZGNBF-UHFFFAOYSA-N","C8H9NO4","[M+CHO2]-","neg",FALSE,400.183672360441,"2_7"
132.066193339686,23.2942546523453,132.06434767782,132.067074825243,19.6392549193853,25.5763184903855,"5-aminolevulinic acid","CHEBI:17549","ZGXJTSGNIOSYLO-UHFFFAOYSA-N","C5H9NO3","[M+H]+","pos",FALSE,0,"2_5"
130.051732080933,23.0130333713818,130.039093017578,130.058868408203,20.7280336829018,45.911857857258,"5-aminolevulinic acid","CHEBI:17549","ZGXJTSGNIOSYLO-UHFFFAOYSA-N","C5H9NO3","[M-H]-","neg",FALSE,0,"2_5"
154.049348826791,23.0662543690853,154.047867968972,154.077201964631,19.8678105192187,26.495073082222,"5-aminolevulinic acid","CHEBI:17549","ZGXJTSGNIOSYLO-UHFFFAOYSA-N","C5H9NO3","[M+Na]+","pos",FALSE,0,"2_5"
118.086733124731,23.808171997501,118.084741731777,118.091387165537,20.8381726841944,25.6341544869753,"5-aminopentanoic acid","CHEBI:15887","JJMDCOVWQOJGCB-UHFFFAOYSA-N","C5H11NO2","[M+H]+","pos",FALSE,0,"2_6"
116.069951573089,24.2981465578261,116.065943528867,116.071418762207,21.5571470976061,27.2778131485061,"5-aminopentanoic acid","CHEBI:15887","JJMDCOVWQOJGCB-UHFFFAOYSA-N","C5H11NO2","[M-H]-","neg",FALSE,0,"2_6"
167.035601471236,238.488508802926,167.019165039062,167.098342895508,204.601223745863,241.306844522691,"5-methoxysalicylic acid","CHEBI:89830","IZZIWIAOVZOBLF-UHFFFAOYSA-N","C8H8O4","[M-H]-","neg",FALSE,719.452854251875,"2_2"
169.057059923614,237.906535171277,169.048761997294,169.084210428861,234.00527694162,242.328962416711,"5-methoxysalicylic acid","CHEBI:89830","IZZIWIAOVZOBLF-UHFFFAOYSA-N","C8H8O4","[M+H]+","pos",FALSE,716.612039932956,"2_2"
242.113307893162,25.7452546850036,241.988922119141,242.114242553711,20.0379516957582,27.565764921298,"5-methyl-2'-deoxycytidine","CHEBI:47876","LUCHPKXVUGJYGU-XLPZGREQSA-N","C10H15N3O4","[M+H]+","pos",FALSE,0,"2_1"
264.096845690534,25.7452546850036,263.996856689453,264.243713378906,23.9222844718182,38.5086800373215,"5-methyl-2'-deoxycytidine","CHEBI:47876","LUCHPKXVUGJYGU-XLPZGREQSA-N","C10H15N3O4","[M+Na]+","pos",FALSE,0,"2_1"
240.095997245597,27.0909927423082,240.042680447584,240.097431476584,25.4836599166282,28.9182954532102,"5-methyl-2'-deoxycytidine","CHEBI:47876","LUCHPKXVUGJYGU-XLPZGREQSA-N","C10H15N3O4","[M-H]-","neg",FALSE,0,"2_1"
201.108787968957,400.845130109714,201.096492900721,201.137726864165,398.33039004463,402.902589657009,"5-phenylpentanoic acid","CHEBI:40131","BYHDDXPKOZIZRV-UHFFFAOYSA-N","C11H14O2","[M+Na]+","pos",FALSE,1317.68306812432,"3_3"
179.067807345884,400.616496491961,179.059140622405,179.09310256256,398.787818239104,403.592059723598,"5-phenylpentanoic acid","CHEBI:40131","BYHDDXPKOZIZRV-UHFFFAOYSA-N","C11H14O2","[M+H]+","pos",FALSE,1316.73282353777,"3_3"
192.030955717092,129.707692957514,192.030690701478,192.031191300154,121.474549417012,142.807013415206,"5,6-dihydroxyindole-2-carboxylic acid","CHEBI:2003","YFTGOBNOJKXZJC-UHFFFAOYSA-N","C9H7NO4","[M-H]-","neg",FALSE,525.426497623894,"2_4"
194.047931174642,130.878385091132,194.045752618691,194.05009786053,125.857353065652,134.073802504935,"5,6-dihydroxyindole-2-carboxylic acid","CHEBI:2003","YFTGOBNOJKXZJC-UHFFFAOYSA-N","C9H7NO4","[M+H]+","pos",FALSE,524.610355347233,"2_4"
169.073894005214,167.638543754169,169.071327802099,169.077728688296,165.127987299317,169.921138046134,"5,6-dimethylbenzimidazole","CHEBI:15890","LJUQGASMPRMWIW-UHFFFAOYSA-N","C9H10N2","[M+Na]+","pos",FALSE,572.256763297627,"2_4"
145.077798340535,167.14661312992,145.076488834713,145.079416262933,163.710739519839,171.038122535966,"5,6-dimethylbenzimidazole","CHEBI:15890","LJUQGASMPRMWIW-UHFFFAOYSA-N","C9H10N2","[M-H]-","neg",FALSE,572.886620604144,"2_4"
147.092697687381,167.410731977061,147.089157104492,147.095199584961,140.699205020717,180.754263817355,"5,6-dimethylbenzimidazole","CHEBI:15890","LJUQGASMPRMWIW-UHFFFAOYSA-N","C9H10N2","[M+H]+","pos",FALSE,571.961486746525,"2_4"
138.019498321711,36.1152167252596,138.016906738281,138.021286010742,29.0185902225676,46.8884458494457,"6-hydroxynicotinic acid","CHEBI:16168","BLHCMGRVFXRYRN-UHFFFAOYSA-N","C6H5NO3","[M-H]-","neg",FALSE,0,"2_3"
140.034579345381,41.2792585619622,140.034181129947,140.035006004368,31.2514713796148,49.2665799419938,"6-hydroxynicotinic acid","CHEBI:16168","BLHCMGRVFXRYRN-UHFFFAOYSA-N","C6H5NO3","[M+H]+","pos",FALSE,253.714334251699,"2_3"
148.062668472646,28.4881538581918,148.062194824219,148.063077271037,22.539227355674,40.6224352239289,"6-methyladenine","CHEBI:28871","CKOMXBHMKXXTNW-UHFFFAOYSA-N","C6H7N5","[M-H]-","neg",FALSE,0,"2_7"
150.077903619252,33.3990235694573,150.077753786447,150.07819976009,30.1936737219283,51.6511963568231,"6-methyladenine","CHEBI:28871","CKOMXBHMKXXTNW-UHFFFAOYSA-N","C6H7N5","[M+H]+","pos",FALSE,0,"2_7"
267.110095651325,25.4567082249101,267.104790437543,267.119459130067,22.4867085141901,27.9785978320234,"Acetylcarnosine","CHEBI:172509","BKAYIFDRRZZKNF-SECBINFHSA-N","C11H16N4O4","[M-H]-","neg",FALSE,0,"1_2"
291.107110512464,24.4928382460887,291.096819725087,291.111004959786,22.2087458154548,26.5401490447274,"Acetylcarnosine","CHEBI:172509","BKAYIFDRRZZKNF-SECBINFHSA-N","C11H16N4O4","[M+Na]+","pos",FALSE,0,"1_2"
269.125410241544,24.4928382460887,269.116858045805,269.126535929143,22.4377456685948,38.6248577255786,"Acetylcarnosine","CHEBI:172509","BKAYIFDRRZZKNF-SECBINFHSA-N","C11H16N4O4","[M+H]+","pos",FALSE,0,"1_2"
285.222636720643,554.231226613705,285.222154050175,285.223104413267,546.918786116408,561.095235575413,"all-trans-retinal","CHEBI:17898","NCYCYZXNIZJOKI-OVSJKPMPSA-N","C20H28O","[M+H]+","pos",FALSE,1987.40176100186,"3_2"
307.179079411737,562.694220429947,307.130998266927,307.214173072777,559.713484106182,565.66321838529,"all-trans-retinal","CHEBI:17898","NCYCYZXNIZJOKI-OVSJKPMPSA-N","C20H28O","[M+Na]+","pos",FALSE,0,"3_2"
260.053745551796,23.1227460881948,260.050342974262,260.056576170155,18.7807450076948,25.1752934376482,"alpha-D-glucosamine 6-phosphate","CHEBI:15873","XHMJOUIAFHJHBW-UKFBFLRUSA-N","C6H14NO8P","[M+H]+","pos",FALSE,0,"1_1"
282.036173501897,21.9807455321948,282.035456187235,282.038449709297,17.6377448818148,25.857877354903,"alpha-D-glucosamine 6-phosphate","CHEBI:15873","XHMJOUIAFHJHBW-UKFBFLRUSA-N","C6H14NO8P","[M+Na]+","pos",FALSE,0,"1_1"
259.022267925568,25.1235434014573,259.021770729797,259.022716388454,21.924653708844,38.849056371783,"alpha-D-glucose 1-phosphate","CHEBI:29042","HXXFSFRBOHSIMQ-VFUOTHLCSA-N","C6H13O9P","[M-H]-","neg",FALSE,0,"1_5"
283.019275687105,22.7039256705493,283.016604205919,283.046555366746,18.5901471985826,32.4999768475324,"alpha-D-glucose 1-phosphate","CHEBI:29042","HXXFSFRBOHSIMQ-VFUOTHLCSA-N","C6H13O9P","[M+Na]+","pos",FALSE,0,"1_5"
341.109660418976,24.093812652346,341.102810514253,341.158754558929,22.4948119599527,26.8371450383527,"alpha-D-glucosyl-(1->4)-alpha-D-mannose","CHEBI:47937","GUBGYTABKSRVRQ-DKBJLJRDSA-N","C12H22O11","[M-H]-","neg",FALSE,0,"1_1"
365.087910591952,22.8947458049948,365.079142113987,365.099860674318,21.2947455427148,26.5401490447274,"alpha-D-glucosyl-(1->4)-alpha-D-mannose","CHEBI:47937","GUBGYTABKSRVRQ-DKBJLJRDSA-N","C12H22O11","[M+Na]+","pos",FALSE,0,"1_1"
343.10599063506,26.995347081335,343.030487060547,343.281341552734,25.1752934376482,29.9555254165344,"alpha-D-glucosyl-(1->4)-alpha-D-mannose","CHEBI:47937","GUBGYTABKSRVRQ-DKBJLJRDSA-N","C12H22O11","[M+H]+","pos",FALSE,203.922179624,"1_1"
267.078306648991,179.700020116425,267.077847026187,267.085396652023,168.724381946855,184.09668439933,"biotin","CHEBI:15956","YBJHBAHKTGYVGT-ZKWXMUAHSA-N","C10H16N2O3S","[M+Na]+","pos",FALSE,587.890156736103,"2_2"
243.081893216159,180.905143305018,243.078172688094,243.084394930782,175.884003528547,187.112290632361,"biotin","CHEBI:15956","YBJHBAHKTGYVGT-ZKWXMUAHSA-N","C10H16N2O3S","[M-H]-","neg",FALSE,590.327869740888,"2_2"
245.097593371751,179.700020116425,245.095909588963,245.103299786982,172.834666120369,184.325588045486,"biotin","CHEBI:15956","YBJHBAHKTGYVGT-ZKWXMUAHSA-N","C10H16N2O3S","[M+H]+","pos",FALSE,587.890156736103,"2_2"
225.099192339699,32.5696992950703,224.99723815918,225.104049682617,30.500992404437,41.500478588393,"carnosine","CHEBI:15727","CQOVPNPJLQNMDC-ZETCQYMHSA-N","C9H14N4O3","[M-H]-","neg",FALSE,406.665400612833,"1_1"
227.11435427661,21.2947455427148,227.103530883789,227.228805541992,17.6377448818148,31.5503570708074,"carnosine","CHEBI:15727","CQOVPNPJLQNMDC-ZETCQYMHSA-N","C9H14N4O3","[M+H]+","pos",FALSE,0,"1_1"
249.096500508452,21.5237453958548,249.096157905984,249.099288438186,18.3237448713548,24.0367445728148,"carnosine","CHEBI:15727","CQOVPNPJLQNMDC-ZETCQYMHSA-N","C9H14N4O3","[M+Na]+","pos",FALSE,0,"1_1"
227.10728349789,216.675348610648,227.096289533644,227.11937777031,214.381974971778,221.032989561651,"carnosine","CHEBI:15727","CQOVPNPJLQNMDC-ZETCQYMHSA-N","C9H14N4O3","[M+H]+","pos",FALSE,663.507095685163,"1_1"
271.096881597408,259.893113741824,271.093057706752,271.099183885297,256.709696282462,265.581262642253,"carnosine","CHEBI:15727","CQOVPNPJLQNMDC-ZETCQYMHSA-N","C9H14N4O3","[M+CHO2]-","neg",FALSE,782.324283764525,"1_1"
227.124431764312,596.426923427307,227.108302923899,227.139205342356,593.000962886547,598.939931544987,"carnosine","CHEBI:15727","CQOVPNPJLQNMDC-ZETCQYMHSA-N","C9H14N4O3","[M+H]+","pos",FALSE,0,"1_1"
227.1269858176,301.318233442972,227.105960070337,227.142066572179,298.055728944623,305.680198434273,"carnosine","CHEBI:15727","CQOVPNPJLQNMDC-ZETCQYMHSA-N","C9H14N4O3","[M+H]+","pos",FALSE,921.104146910066,"1_1"
249.081337131904,515.676104584785,249.050871030909,249.155799157599,513.847664013239,520.246285949461,"carnosine","CHEBI:15727","CQOVPNPJLQNMDC-ZETCQYMHSA-N","C9H14N4O3","[M+Na]+","pos",FALSE,1805.99300563253,"1_1"
225.079685658215,380.229440096158,225.03853291345,225.100046464788,377.948239072971,382.054304444445,"carnosine","CHEBI:15727","CQOVPNPJLQNMDC-ZETCQYMHSA-N","C9H14N4O3","[M-H]-","neg",FALSE,1233.51262833174,"1_1"
271.134896928893,342.712618868692,271.108192945687,271.144027349817,339.745641115466,348.199585635033,"carnosine","CHEBI:15727","CQOVPNPJLQNMDC-ZETCQYMHSA-N","C9H14N4O3","[M+CHO2]-","neg",FALSE,1080.74637834298,"1_1"
271.067237812475,98.5686816616445,271.056933306266,271.075303422916,95.8249799180902,100.853828270464,"carnosine","CHEBI:15727","CQOVPNPJLQNMDC-ZETCQYMHSA-N","C9H14N4O3","[M+CHO2]-","neg",FALSE,493.020422669386,"1_1"
225.136349900313,339.061012276849,225.123446227827,225.144944869312,336.777112867661,342.256806193239,"carnosine","CHEBI:15727","CQOVPNPJLQNMDC-ZETCQYMHSA-N","C9H14N4O3","[M-H]-","neg",FALSE,1066.35070526291,"1_1"
249.137771795542,569.000928554247,249.121342679338,249.158102248248,566.488950404847,571.742932948767,"carnosine","CHEBI:15727","CQOVPNPJLQNMDC-ZETCQYMHSA-N","C9H14N4O3","[M+Na]+","pos",FALSE,0,"1_1"
227.072486402431,177.695244843408,227.045166517277,227.090275724122,175.636122074771,180.093760019447,"carnosine","CHEBI:15727","CQOVPNPJLQNMDC-ZETCQYMHSA-N","C9H14N4O3","[M+H]+","pos",FALSE,584.895053454546,"1_1"
225.052360672899,360.309677611098,225.048270005252,225.075490753036,357.11429621767,362.649592271555,"carnosine","CHEBI:15727","CQOVPNPJLQNMDC-ZETCQYMHSA-N","C9H14N4O3","[M-H]-","neg",FALSE,1151.86408749081,"1_1"
490.116075436886,22.8947458049948,490.066253662109,490.124816894531,20.8367458364348,35.8924618243486,"CDP-choline(1+)","CHEBI:49086","RZZPDXZPRHQOCG-OJAKKHQRSA-O","C14H27N4O11P2","[M+H]+","pos",FALSE,0,"1_2"
512.097014961692,22.4377456685948,512.081474201893,512.112119115857,20.6087455531748,24.4928382460887,"CDP-choline(1+)","CHEBI:49086","RZZPDXZPRHQOCG-OJAKKHQRSA-O","C14H27N4O11P2","[M+Na]+","pos",FALSE,0,"1_2"
431.27667833406,343.125845741621,431.267315785881,431.277639331812,337.63377612853,346.785101845978,"cholic acid","CHEBI:16359","BHQCQFFYRZLCQQ-OELDTZBJSA-N","C24H40O5","[M+Na]+","pos",FALSE,1069.44114589461,"3_2"
407.281312066726,339.653333643869,407.278011788902,407.287141754401,335.25144720316,343.83070741008,"cholic acid","CHEBI:16359","BHQCQFFYRZLCQQ-OELDTZBJSA-N","C24H40O5","[M-H]-","neg",FALSE,1070.65936549864,"3_2"
453.282664623678,339.653333643869,453.247714963878,453.283712807445,336.374280771292,341.935535711389,"cholic acid","CHEBI:16359","BHQCQFFYRZLCQQ-OELDTZBJSA-N","C24H40O5","[M+CHO2]-","neg",FALSE,1070.65936549864,"3_2"
215.007558011764,27.2225027724241,214.914947509766,215.018127441406,24.0367445728148,32.6886870063945,"citric acid","CHEBI:30769","KRKNYBCHXYNGOX-UHFFFAOYSA-N","C6H8O7","[M+Na]+","pos",FALSE,204.706223080672,"1_4"
347.221723096477,304.253097840176,347.070526123047,347.244232177734,299.620686679183,321.648885262951,"corticosterone","CHEBI:16827","OMFXVFTZEKFJBZ-HJTSIMOOSA-N","C21H30O4","[M+H]+","pos",TRUE,932.282716390194,"2_2"
391.213338268079,304.297614482764,391.211364226445,391.213993394801,301.130772543869,310.68750726503,"corticosterone","CHEBI:16827","OMFXVFTZEKFJBZ-HJTSIMOOSA-N","C21H30O4","[M+CHO2]-","neg",FALSE,932.85794180583,"2_2"
345.203729943545,304.069838953154,345.167438371585,345.207844479751,301.130772543869,306.579518315349,"corticosterone","CHEBI:16827","OMFXVFTZEKFJBZ-HJTSIMOOSA-N","C21H30O4","[M-H]-","neg",FALSE,932.011270836746,"2_2"
369.194996688661,304.023836235836,369.153464783738,369.202993573309,301.965426468685,306.997253574629,"corticosterone","CHEBI:16827","OMFXVFTZEKFJBZ-HJTSIMOOSA-N","C21H30O4","[M+Na]+","pos",FALSE,931.427294701819,"2_2"
361.202318252654,271.605831165359,361.201940663646,361.203284788726,267.500526117801,276.862009472273,"cortisol","CHEBI:17650","JYGXADMDTFJGBT-VWUMJDOOSA-N","C21H30O5","[M-H]-","neg",FALSE,819.106768980902,"2_4"
407.208456075951,271.605831165359,407.206631507031,407.210656280331,266.131770688029,280.511373520335,"cortisol","CHEBI:17650","JYGXADMDTFJGBT-VWUMJDOOSA-N","C21H30O5","[M+CHO2]-","neg",FALSE,819.106768980902,"2_4"
363.217517501594,271.461651742029,363.21698710669,363.21818906057,265.277503206274,280.613976017409,"cortisol","CHEBI:17650","JYGXADMDTFJGBT-VWUMJDOOSA-N","C21H30O5","[M+H]+","pos",FALSE,817.500489591751,"2_4"
385.190656618648,271.461651742029,385.177296065459,385.196751925886,265.735169925142,275.125668852447,"cortisol","CHEBI:17650","JYGXADMDTFJGBT-VWUMJDOOSA-N","C21H30O5","[M+Na]+","pos",FALSE,817.500489591751,"2_4"
132.077341997682,23.3507445833348,132.076865549818,132.102732691816,19.0087452909548,37.4864300389716,"creatine","CHEBI:16919","CVSVTCORWBXHQV-UHFFFAOYSA-N","C4H9N3O2","[M+H]+","pos",FALSE,0,"1_4"
154.056636447452,25.6307249864209,154.043849911262,154.061775770301,18.7807450076948,29.727268419692,"creatine","CHEBI:16919","CVSVTCORWBXHQV-UHFFFAOYSA-N","C4H9N3O2","[M+Na]+","pos",FALSE,0,"1_4"
176.098426972895,22.6989461592049,176.092492342222,176.107195254639,21.5565013499249,24.7549459945449,"creatine","CHEBI:16919","CVSVTCORWBXHQV-UHFFFAOYSA-N","C4H9N3O2","[M+CHO2]-","neg",FALSE,0,"1_4"
244.09289481825,23.845924637056,244.045755015541,244.09329521482,21.104036670276,29.5384913483175,"cytidine","CHEBI:17562","UHDGCWIWMRVCDJ-XVFCMESISA-N","C9H13N3O5","[M+H]+","pos",FALSE,0,"1_5"
266.074126395447,23.845924637056,265.968902587891,266.078979492188,21.332925460096,40.7117592301497,"cytidine","CHEBI:17562","UHDGCWIWMRVCDJ-XVFCMESISA-N","C9H13N3O5","[M+Na]+","pos",FALSE,0,"1_5"
324.059285391698,26.5401490447274,324.05034586419,324.061838648477,20.6087455531748,34.0543105828652,"cytidine 5'-monophosphate","CHEBI:17361","IERHLVCPSMICTF-XVFCMESISA-N","C9H14N3O8P","[M+H]+","pos",FALSE,202.351032362045,"1_2"
346.04147275297,22.8947458049948,345.916320800781,346.055145263672,21.2947455427148,39.9915949849929,"cytidine 5'-monophosphate","CHEBI:17361","IERHLVCPSMICTF-XVFCMESISA-N","C9H14N3O8P","[M+Na]+","pos",FALSE,0,"1_2"
322.043778456301,24.3139316164768,322.014485681797,322.044517779627,22.2579307876901,27.9785978320234,"cytidine 5'-monophosphate","CHEBI:17361","IERHLVCPSMICTF-XVFCMESISA-N","C9H14N3O8P","[M-H]-","neg",FALSE,0,"1_2"
134.032418639147,23.3227789063415,134.028873200965,134.033457341821,21.2667786736415,26.7555463364205,"cytosine","CHEBI:16040","OPTASPLRGRRNAP-UHFFFAOYSA-N","C4H5N3O","[M+Na]+","pos",FALSE,0,"2_8"
112.050631419112,25.1499759064587,112.050071716309,112.077541143386,19.4344454665015,45.4680126514075,"cytosine","CHEBI:16040","OPTASPLRGRRNAP-UHFFFAOYSA-N","C4H5N3O","[M+H]+","pos",FALSE,0,"2_8"
90.0568834161165,23.3507445833348,90.0398814461689,90.0587367079195,21.2947455427148,26.5401490447274,"D-alanine","CHEBI:15570","QNAYBMKLOCPYGJ-UWTATZPHSA-N","C3H7NO2","[M+H]+","pos",FALSE,0,"1_3"
88.0110697155551,24.7629381783075,87.9858969310544,88.0140059866576,23.1639386780275,27.2852720387075,"D-alanine","CHEBI:15570","QNAYBMKLOCPYGJ-UWTATZPHSA-N","C3H7NO2","[M-H]-","neg",FALSE,0,"1_3"
197.10104276886,21.561925313236,197.087372059332,197.117155162432,19.276036124796,24.074813426876,"D-arginine","CHEBI:15816","ODKSFYDXXFIFQN-SCSAIBSYSA-N","C6H14N4O2","[M+Na]+","pos",FALSE,0,"1_5"
175.119334529474,21.561925313236,175.096360229515,175.127593218691,17.6761471245226,24.9853504183031,"D-arginine","CHEBI:15816","ODKSFYDXXFIFQN-SCSAIBSYSA-N","C6H14N4O2","[M+H]+","pos",FALSE,0,"1_5"
173.104896226804,22.3816538452373,173.097606425383,173.105782515503,20.3175438045373,24.894654611644,"D-arginine","CHEBI:15816","ODKSFYDXXFIFQN-SCSAIBSYSA-N","C6H14N4O2","[M-H]-","neg",FALSE,0,"1_5"
122.026890801773,22.7421053892438,122.024589110177,122.028335571289,20.6853275145904,24.5690177971813,"D-cysteine","CHEBI:16375","XUJNEKJLAYXESH-UWTATZPHSA-N","C3H7NO2S","[M+H]+","pos",FALSE,0,"1_6"
120.013090546922,23.9323235916028,120.012832048526,120.01338015337,20.4991018143228,33.5405518163985,"D-cysteine","CHEBI:16375","XUJNEKJLAYXESH-UWTATZPHSA-N","C3H7NO2S","[M-H]-","neg",FALSE,0,"1_6"
143.987997874524,20.4565497881371,143.967936075705,144.002944041899,17.7145493672304,24.5690177971813,"D-cysteine","CHEBI:16375","XUJNEKJLAYXESH-UWTATZPHSA-N","C3H7NO2S","[M+Na]+","pos",FALSE,0,"1_6"
253.141077573043,400.845130109714,253.133758544922,253.1845703125,396.04367728604,419.382960711082,"Dipropyl hexanedioate","CHEBI:169438","NKOUWLLFHNBUDW-UHFFFAOYSA-N","C12H22O4","[M+Na]+","pos",FALSE,1317.68306812432,"3_3"
229.162705174953,404.705803406968,229.144941853581,229.173630202257,401.170597254864,407.829475496161,"Dipropyl hexanedioate","CHEBI:169438","NKOUWLLFHNBUDW-UHFFFAOYSA-N","C12H22O4","[M-H]-","neg",FALSE,1334.93791331187,"3_3"
341.086929883534,139.460214330397,340.956878662109,341.234558105469,80.0380438566729,147.004586702796,"esculin","CHEBI:4853","XHCADAYNFIFUHF-TVKJYDDYSA-N","C15H16O9","[M+H]+","pos",FALSE,535.704935079694,"2_6"
363.068400081607,139.460214330397,363.053619384766,363.129272460938,115.658936724982,146.092553144018,"esculin","CHEBI:4853","XHCADAYNFIFUHF-TVKJYDDYSA-N","C15H16O9","[M+Na]+","pos",FALSE,535.704935079694,"2_6"
339.072658085362,138.813544363586,338.800231933594,339.248626708984,132.155130070462,159.013490035689,"esculin","CHEBI:4853","XHCADAYNFIFUHF-TVKJYDDYSA-N","C15H16O9","[M-H]-","neg",FALSE,536.759063591364,"2_6"
442.14750665763,162.849138233615,442.145357574833,442.148895263672,157.371914806968,166.273892552025,"folic acid","CHEBI:27470","OVBPIULPVIDEAO-LBPRGKRZSA-N","C19H19N7O6","[M+H]+","pos",FALSE,565.480763076218,"1_2"
464.130008563865,162.849138233615,464.128124931331,464.132920426955,155.758584745153,166.501759588642,"folic acid","CHEBI:27470","OVBPIULPVIDEAO-LBPRGKRZSA-N","C19H19N7O6","[M+Na]+","pos",FALSE,565.480763076218,"1_2"
440.134581138006,163.790711641981,440.130932308348,440.13585529586,158.516248478007,171.798380732344,"folic acid","CHEBI:27470","OVBPIULPVIDEAO-LBPRGKRZSA-N","C19H19N7O6","[M-H]-","neg",FALSE,571.152587839688,"1_2"
115.075771976911,152.452664545665,115.073099716039,115.078074934755,148.34670324655,155.190584980035,"gamma-caprolactone","CHEBI:85235","JBFHTYHTHYHCDJ-UHFFFAOYSA-N","C6H10O2","[M+H]+","pos",FALSE,552.543695202047,"2_7"
308.09211457048,26.0849883156209,308.082560023965,308.092452261544,21.2947455427148,45.2295332033074,"glutathione","CHEBI:16856","RWSXRVCMGQZWBV-WDSKDSINSA-N","C10H17N3O6S","[M+H]+","pos",FALSE,200.780013869489,"1_1"
306.078140429725,27.5292566894727,306.073760986328,306.088287353516,24.5508127886927,46.0764327859389,"glutathione","CHEBI:16856","RWSXRVCMGQZWBV-WDSKDSINSA-N","C10H17N3O6S","[M-H]-","neg",FALSE,400.070336313756,"1_1"
330.077856573137,26.0849883156209,330.060241699219,330.349304199219,23.3507445833348,29.9555254165344,"glutathione","CHEBI:16856","RWSXRVCMGQZWBV-WDSKDSINSA-N","C10H17N3O6S","[M+Na]+","pos",FALSE,200.780013869489,"1_1"
613.158122354679,25.6307249864209,613.045328476885,613.159339557331,22.4377456685948,36.8035809103291,"glutathione disulfide","CHEBI:17858","YPZRWBKMTBYPTK-BJDJZHNGSA-N","C20H32N6O12S2","[M+H]+","pos",FALSE,0,"1_4"
635.128550527736,25.857877354903,635.033291801216,635.150240498488,23.3507445833348,28.5889847035269,"glutathione disulfide","CHEBI:17858","YPZRWBKMTBYPTK-BJDJZHNGSA-N","C20H32N6O12S2","[M+Na]+","pos",FALSE,0,"1_4"
174.038681931974,25.4063245017941,174.000257058727,174.039557030972,21.295171231101,28.6137237707038,"guanine","CHEBI:16235","UYTPUPDQBNUYGX-UHFFFAOYSA-N","C5H5N5O","[M+Na]+","pos",FALSE,0,"2_6"
152.057377080829,25.4063245017941,152.048950195312,152.149368286133,22.437171588421,36.8412161790053,"guanine","CHEBI:16235","UYTPUPDQBNUYGX-UHFFFAOYSA-N","C5H5N5O","[M+H]+","pos",FALSE,0,"2_6"
196.048936978606,24.0692577680061,196.039764376269,196.053635376745,21.5571470976061,25.9069240013728,"guanine","CHEBI:16235","UYTPUPDQBNUYGX-UHFFFAOYSA-N","C5H5N5O","[M+CHO2]-","neg",FALSE,0,"2_6"
150.039139791229,25.2121468305661,150.03561599124,150.043832884889,22.2421459277661,27.2778131485061,"guanine","CHEBI:16235","UYTPUPDQBNUYGX-UHFFFAOYSA-N","C5H5N5O","[M-H]-","neg",FALSE,0,"2_6"
364.064640200066,24.4928382460887,364.064300537109,364.228637695312,21.2947455427148,31.0948283770683,"guanosine 5'-monophosphate","CHEBI:17345","RQFCJASXJCIDSX-UUOKFMHZSA-N","C10H14N5O8P","[M+H]+","pos",FALSE,0,"1_1"
362.051655616644,25.9218116083927,362.045456971165,362.052119035706,23.6368125159527,28.6715988471853,"guanosine 5'-monophosphate","CHEBI:17345","RQFCJASXJCIDSX-UUOKFMHZSA-N","C10H14N5O8P","[M-H]-","neg",FALSE,0,"1_1"
386.041887812319,24.4928382460887,385.973237546876,386.108654785156,22.4377456685948,26.995347081335,"guanosine 5'-monophosphate","CHEBI:17345","RQFCJASXJCIDSX-UUOKFMHZSA-N","C10H14N5O8P","[M+Na]+","pos",FALSE,0,"1_1"
285.207032172515,398.760156088998,285.072662353516,285.218719482422,395.244516009282,440.232597070595,"hexadecanedioic acid","CHEBI:73722","QQHJDPROMQRDLA-UHFFFAOYSA-N","C16H30O4","[M-H]-","neg",FALSE,1310.4324163393,"3_2"
309.198770301074,408.394357437615,309.178702644923,309.20181805494,405.640036246388,413.652648029509,"hexadecanedioic acid","CHEBI:73722","QQHJDPROMQRDLA-UHFFFAOYSA-N","C16H30O4","[M+Na]+","pos",FALSE,1349.05908566502,"3_2"
269.063327811032,23.8077447196748,268.930450439453,269.079254150391,22.2087458154548,39.3087201508143,"homocystine","CHEBI:17485","ZTVZLYBCZNMWCF-UHFFFAOYSA-N","C8H16N2O4S2","[M+H]+","pos",FALSE,0,"1_1"
267.04895674019,24.7789225458327,267.011793361558,267.050455335211,19.5228113213327,28.6715988471853,"homocystine","CHEBI:17485","ZTVZLYBCZNMWCF-UHFFFAOYSA-N","C8H16N2O4S2","[M-H]-","neg",FALSE,0,"1_1"
391.282107453128,348.95832201076,391.069671630859,391.288116455078,345.610554843817,352.216118731872,"hyodeoxycholic acid","CHEBI:52023","DGABKXLVXPYZII-SIBKNCMHSA-N","C24H40O4","[M-H]-","neg",FALSE,1085.05805967635,"3_2"
437.283075353609,348.95832201076,437.208832152415,437.286908906215,347.075748571945,352.216118731872,"hyodeoxycholic acid","CHEBI:52023","DGABKXLVXPYZII-SIBKNCMHSA-N","C24H40O4","[M+CHO2]-","neg",FALSE,1085.05805967635,"3_2"
159.027598756419,28.0907853585792,159.025277808944,159.028801608403,25.3487860676698,30.1428052770756,"hypoxanthine","CHEBI:17368","FDGQSTZJBFJUBT-UHFFFAOYSA-N","C5H4N4O","[M+Na]+","pos",FALSE,207.714452181811,"2_5"
135.031626518935,35.3701069531022,134.963287353516,135.037200927734,32.3934686889518,53.4790299380088,"hypoxanthine","CHEBI:17368","FDGQSTZJBFJUBT-UHFFFAOYSA-N","C5H4N4O","[M-H]-","neg",FALSE,0,"2_5"
137.047067598716,27.4071168804296,137.045196533203,137.068939208984,24.892756971235,41.5496531829848,"hypoxanthine","CHEBI:17368","FDGQSTZJBFJUBT-UHFFFAOYSA-N","C5H4N4O","[M+H]+","pos",FALSE,205.329894933614,"2_5"
127.050611090608,23.4945869043552,127.042597422497,127.050788050215,21.4388099903752,26.9182484344934,"imidazol-4-ylacetic acid","CHEBI:16974","PRJKNHOMHKJCEJ-UHFFFAOYSA-N","C5H6N2O2","[M+H]+","pos",FALSE,0,"2_3"
125.027137632722,23.5320209341446,125.018105772262,125.034877728656,18.2630198078646,28.5610826826521,"imidazol-4-ylacetic acid","CHEBI:16974","PRJKNHOMHKJCEJ-UHFFFAOYSA-N","C5H6N2O2","[M-H]-","neg",FALSE,0,"2_3"
149.072849841314,25.0918279653718,148.97265625,149.082153320312,20.7535874441352,33.7579547206239,"imidazol-4-ylacetic acid","CHEBI:16974","PRJKNHOMHKJCEJ-UHFFFAOYSA-N","C5H6N2O2","[M+Na]+","pos",FALSE,0,"2_3"
349.054399350765,25.4025180755232,348.975250244141,349.076538085938,21.5237453958548,43.6353749934643,"IMP","CHEBI:17202","GRSZFWQUAKGDAV-KQYNXXCUSA-N","C10H13N4O8P","[M+H]+","pos",FALSE,0,"1_2"
347.039326315033,26.1419307711968,347.037318953915,347.03987547734,22.4867085141901,28.2065981152834,"IMP","CHEBI:17202","GRSZFWQUAKGDAV-KQYNXXCUSA-N","C10H13N4O8P","[M-H]-","neg",FALSE,0,"1_2"
371.035118817967,24.9471118518279,371.029705690658,371.036960920985,23.1227460881948,26.7682327153471,"IMP","CHEBI:17202","GRSZFWQUAKGDAV-KQYNXXCUSA-N","C10H13N4O8P","[M+Na]+","pos",FALSE,0,"1_2"
204.102898909454,290.163468777026,204.101035997566,204.103098828994,286.050390998358,296.564617841288,"indole-3-butyric acid","CHEBI:33070","JTEDVYBZBROSJT-UHFFFAOYSA-N","C12H13NO2","[M+H]+","pos",FALSE,880.626280300162,"2_6"
202.088690437048,290.153192921291,201.992523193359,202.100631713867,285.816107030399,295.857751203174,"indole-3-butyric acid","CHEBI:33070","JTEDVYBZBROSJT-UHFFFAOYSA-N","C12H13NO2","[M-H]-","neg",FALSE,832.269301243812,"2_6"
226.07858783295,290.163468777026,226.071816423412,226.081959121286,286.050390998358,294.507503018448,"indole-3-butyric acid","CHEBI:33070","JTEDVYBZBROSJT-UHFFFAOYSA-N","C12H13NO2","[M+Na]+","pos",FALSE,880.626280300162,"2_6"
191.02042547026,26.8236048586275,191.011703491211,191.026336669922,24.3059392340275,47.8855732721585,"isocitric acid","CHEBI:30887","ODBLHEXUDAPZAU-UHFFFAOYSA-N","C6H8O7","[M-H]-","neg",TRUE,0,"1_3"
188.035648879145,141.466012654356,188.018676757812,188.051773071289,133.879134724044,165.349902898002,"kynurenic acid","CHEBI:18344","HCZHHEIFKROPDY-UHFFFAOYSA-N","C10H7NO3","[M-H]-","neg",FALSE,540.332143841343,"2_2"
190.05121197461,142.472963870223,190.046752929688,190.054443359375,120.810842939475,158.453608885554,"kynurenic acid","CHEBI:18344","HCZHHEIFKROPDY-UHFFFAOYSA-N","C10H7NO3","[M+H]+","pos",FALSE,539.638582934212,"2_2"
209.091541669247,52.2905906897969,209.083953857422,209.146865844727,40.447182776739,60.581110931492,"kynurenine","CHEBI:28683","YGPSJZOEDVAXAB-UHFFFAOYSA-N","C10H12N2O3","[M+H]+","pos",FALSE,291.230448860194,"1_2"
207.076830477747,52.245412547521,207.075221866674,207.079156108805,49.2691085091257,57.7384835808129,"kynurenine","CHEBI:28683","YGPSJZOEDVAXAB-UHFFFAOYSA-N","C10H12N2O3","[M-H]-","neg",FALSE,432.409686221005,"1_2"
241.031425866303,22.246925732836,241.020248413086,241.134017944336,18.5901471985826,28.8556756397285,"L-cystine","CHEBI:16283","LEVWYRKDKASIDU-IMJSIDKUSA-N","C6H12N2O4S2","[M+H]+","pos",FALSE,0,"1_5"
239.015789002355,23.9806543388973,239.011749103229,239.025179501627,20.5465436576773,31.0743021595618,"L-cystine","CHEBI:16283","LEVWYRKDKASIDU-IMJSIDKUSA-N","C6H12N2O4S2","[M-H]-","neg",FALSE,0,"1_5"
285.020199387716,21.6966550150773,285.019226074219,285.024611863659,21.0026536980173,23.0675425727173,"L-cystine","CHEBI:16283","LEVWYRKDKASIDU-IMJSIDKUSA-N","C6H12N2O4S2","[M+CHO2]-","neg",FALSE,0,"1_5"
263.017659628525,22.018814187576,263.010828107543,263.042485693341,18.819035988396,23.6178132905293,"L-cystine","CHEBI:16283","LEVWYRKDKASIDU-IMJSIDKUSA-N","C6H12N2O4S2","[M+Na]+","pos",FALSE,0,"1_5"
169.05829301999,22.4758143239693,169.027477226769,169.063116143323,19.276036124796,25.2134385573021,"L-glutamine","CHEBI:18050","ZDXPYRJPNDTMRX-VKHMYHEASA-N","C5H10N2O3","[M+Na]+","pos",FALSE,0,"1_5"
147.076192489314,22.7039256705493,147.054051732034,147.078832864851,20.190036397536,28.8556756397285,"L-glutamine","CHEBI:18050","ZDXPYRJPNDTMRX-VKHMYHEASA-N","C5H10N2O3","[M+H]+","pos",FALSE,0,"1_5"
145.062221635033,23.5236542025573,145.061854358193,145.075656550615,21.6966550150773,28.3323209085973,"L-glutamine","CHEBI:18050","ZDXPYRJPNDTMRX-VKHMYHEASA-N","C5H10N2O3","[M-H]-","neg",FALSE,0,"1_5"
154.062681456665,22.7903234329761,154.062416984364,154.063205614226,20.2701019611828,25.5321017272428,"L-histidine","CHEBI:15971","HNDVDQJCIGZPNO-YFKPBYRVSA-N","C6H9N3O2","[M-H]-","neg",FALSE,0,"1_6"
156.077546811305,21.6001052306171,156.048950195312,156.146713256836,18.1715491062571,31.3990665738262,"L-histidine","CHEBI:15971","HNDVDQJCIGZPNO-YFKPBYRVSA-N","C6H9N3O2","[M+H]+","pos",FALSE,0,"1_6"
178.059730152139,21.8281055138638,178.058486938477,178.073406530425,18.1715491062571,25.0235889847783,"L-histidine","CHEBI:15971","HNDVDQJCIGZPNO-YFKPBYRVSA-N","C6H9N3O2","[M+Na]+","pos",FALSE,0,"1_6"
200.081093436648,25.7603241371428,200.070650716071,200.088392320515,23.2473231720028,28.7397924591304,"L-histidine","CHEBI:15971","HNDVDQJCIGZPNO-YFKPBYRVSA-N","C6H9N3O2","[M+CHO2]-","neg",FALSE,0,"1_6"
189.135140944654,21.9807455321948,189.134721228393,189.135367271654,19.4657454272948,24.7199604351448,"L-homoarginine","CHEBI:27747","QUOGESRFPZDMMT-YFKPBYRVSA-N","C7H16N4O2","[M+H]+","pos",FALSE,0,"1_4"
211.115564213664,21.7517456791148,211.071578932229,211.116448627971,18.7807450076948,26.313070276111,"L-homoarginine","CHEBI:27747","QUOGESRFPZDMMT-YFKPBYRVSA-N","C7H16N4O2","[M+Na]+","pos",FALSE,0,"1_4"
187.111771332123,22.6989461592049,187.080888112386,187.117344077191,19.2665012291249,27.7342799912916,"L-homoarginine","CHEBI:27747","QUOGESRFPZDMMT-YFKPBYRVSA-N","C7H16N4O2","[M-H]-","neg",FALSE,0,"1_4"
233.098815104783,22.2419460228049,233.090358011302,233.110672512396,20.4105027130382,23.8409467152049,"L-homoarginine","CHEBI:27747","QUOGESRFPZDMMT-YFKPBYRVSA-N","C7H16N4O2","[M+CHO2]-","neg",FALSE,0,"1_4"
190.119000535973,23.5797444364748,190.050892942667,190.119355831383,21.0657456895748,26.7682327153471,"L-homocitrulline","CHEBI:17443","XIGSAGMEBXLVJJ-YFKPBYRVSA-N","C7H15N3O3","[M+H]+","pos",FALSE,0,"1_2"
188.103634806268,24.0857092065768,188.102248668617,188.104424493256,21.3427080236701,25.6857094688101,"L-homocitrulline","CHEBI:17443","XIGSAGMEBXLVJJ-YFKPBYRVSA-N","C7H15N3O3","[M-H]-","neg",FALSE,0,"1_2"
212.099930198751,23.1227460881948,212.046173095703,212.136520385742,20.6087455531748,39.9915949849929,"L-homocitrulline","CHEBI:17443","XIGSAGMEBXLVJJ-YFKPBYRVSA-N","C7H15N3O3","[M+Na]+","pos",FALSE,0,"1_2"
234.136817259222,25.4567082249101,234.106597105941,234.155255244328,21.8017084919501,27.5215976956701,"L-homocitrulline","CHEBI:17443","XIGSAGMEBXLVJJ-YFKPBYRVSA-N","C7H15N3O3","[M+CHO2]-","neg",FALSE,0,"1_2"
118.051337205089,23.6368125159527,118.039756774902,118.052837235139,20.6659227092127,26.8371450383527,"L-homoserine","CHEBI:15699","UKAUYVFTDYCKQA-VKHMYHEASA-N","C4H9NO3","[M-H]-","neg",FALSE,0,"1_1"
120.064239508459,23.3507445833348,120.058194085525,120.065529419698,19.6947452804348,24.9471118518279,"L-homoserine","CHEBI:15699","UKAUYVFTDYCKQA-VKHMYHEASA-N","C4H9NO3","[M+H]+","pos",FALSE,0,"1_1"
120.07910382864,243.169645919207,120.059199928425,120.082216985538,240.632007571399,246.401608935998,"L-homoserine","CHEBI:15699","UKAUYVFTDYCKQA-VKHMYHEASA-N","C4H9NO3","[M+H]+","pos",FALSE,731.451904384869,"1_1"
120.080389538966,282.937929586036,120.078268563043,120.083111424844,279.733973350487,286.370327206908,"L-homoserine","CHEBI:15699","UKAUYVFTDYCKQA-VKHMYHEASA-N","C4H9NO3","[M+H]+","pos",FALSE,855.985670846681,"1_1"
164.021399412525,42.8725080403133,164.020409696255,164.023414704772,39.6691302497477,44.7032681545667,"L-homoserine","CHEBI:15699","UKAUYVFTDYCKQA-VKHMYHEASA-N","C4H9NO3","[M+CHO2]-","neg",FALSE,420.14590053173,"1_1"
164.0917059893,22.2659231701327,164.078971719226,164.09491897743,20.6659227092127,24.321923998926,"L-homoserine","CHEBI:15699","UKAUYVFTDYCKQA-VKHMYHEASA-N","C4H9NO3","[M+CHO2]-","neg",FALSE,0,"1_1"
164.021159495234,67.6520677704082,164.017006950685,164.024082905901,63.7605874506169,70.1701650587388,"L-homoserine","CHEBI:15699","UKAUYVFTDYCKQA-VKHMYHEASA-N","C4H9NO3","[M+CHO2]-","neg",FALSE,452.568209941879,"1_1"
118.018045921982,74.0616113304643,118.014031286702,118.025279024077,71.7726402214167,76.122443636347,"L-homoserine","CHEBI:15699","UKAUYVFTDYCKQA-VKHMYHEASA-N","C4H9NO3","[M-H]-","neg",FALSE,460.954646454291,"1_1"
142.092038182237,282.937929586036,142.080718994141,142.105604467403,279.276101623312,286.370327206908,"L-homoserine","CHEBI:15699","UKAUYVFTDYCKQA-VKHMYHEASA-N","C4H9NO3","[M+Na]+","pos",FALSE,855.985670846681,"1_1"
132.10168408729,34.7484813435307,132.100357055664,132.102554129316,32.0115810602437,38.3976066782152,"L-isoleucine","CHEBI:17191","AGPKZVBTJJNPAG-WHFBIAKZSA-N","C6H13NO2","[M+H]+","pos",FALSE,0,"2_8"
130.088022486844,34.9629044865135,130.086595426363,130.089770354102,30.6145237275529,38.6255261013571,"L-isoleucine","CHEBI:17191","AGPKZVBTJJNPAG-WHFBIAKZSA-N","C6H13NO2","[M-H]-","neg",FALSE,0,"2_8"
169.094917398267,21.5237453958548,169.088455200195,169.164169311523,19.4657454272948,25.4025180755232,"L-lysine","CHEBI:18019","KDXKERNSBIXSRK-YFKPBYRVSA-N","C6H14N2O2","[M+Na]+","pos",FALSE,0,"1_1"
147.112312808508,21.5237453958548,147.111401236399,147.11346342232,17.8667447349548,26.0849883156209,"L-lysine","CHEBI:18019","KDXKERNSBIXSRK-YFKPBYRVSA-N","C6H14N2O2","[M+H]+","pos",FALSE,0,"1_1"
145.097130850085,22.037811823606,145.054441081944,145.100128173475,19.980701553726,24.321923998926,"L-lysine","CHEBI:18019","KDXKERNSBIXSRK-YFKPBYRVSA-N","C6H14N2O2","[M-H]-","neg",FALSE,0,"1_1"
148.044608720017,26.9912379791226,148.040237129748,148.07227573636,23.5630146473426,31.5665421423685,"L-methionine","CHEBI:16643","FFEARJCKVFRZRR-BYPYZUCNSA-N","C5H11NO2S","[M-H]-","neg",FALSE,0,"2_2"
150.059921477374,26.6735106987352,150.053237588819,150.073497119862,22.7945863042101,28.9515963169741,"L-methionine","CHEBI:16643","FFEARJCKVFRZRR-BYPYZUCNSA-N","C5H11NO2S","[M+H]+","pos",FALSE,202.771160702344,"2_2"
166.053317129542,23.1991055255971,166.033357856649,166.053873105379,21.3711053774771,25.9342639638047,"L-methionine S-oxide","CHEBI:17016","QEFRNWWLZKMPFJ-YGVKFDHGSA-N","C5H11NO3S","[M+H]+","pos",FALSE,0,"1_6"
188.036725493251,22.9708831157438,187.981567382812,188.052368164062,21.1423276509771,26.3895343867703,"L-methionine S-oxide","CHEBI:17016","QEFRNWWLZKMPFJ-YGVKFDHGSA-N","C5H11NO3S","[M+Na]+","pos",FALSE,0,"1_6"
166.086060100855,52.6360685179868,166.070983886719,166.086669921875,41.4699982460871,60.6991157567242,"L-phenylalanine","CHEBI:17295","COLNVLDHVKWLRT-QMMMGPOBSA-N","C9H11NO2","[M+H]+","pos",FALSE,292.87187506435,"2_1"
164.070876572015,53.1724242006747,164.070013095423,164.071767106265,49.9687131495631,58.6658733999238,"L-phenylalanine","CHEBI:17295","COLNVLDHVKWLRT-QMMMGPOBSA-N","C9H11NO2","[M-H]-","neg",FALSE,431.495656666918,"2_1"
188.061652220705,52.40802904606,188.049511423533,188.068643887827,46.9362995311715,57.1947175693301,"L-phenylalanine","CHEBI:17295","COLNVLDHVKWLRT-QMMMGPOBSA-N","C9H11NO2","[M+Na]+","pos",FALSE,292.080662028152,"2_1"
116.070734723132,24.1798094505952,116.05572538738,116.072090148926,21.6668098762618,26.4624827231159,"L-proline","CHEBI:17203","ONIBWKKTOPOVIA-BYPYZUCNSA-N","C5H9NO2","[M+H]+","pos",FALSE,0,"2_3"
160.04167905468,25.5904659506846,160.039531270137,160.048122630966,23.3040206509313,28.1042429683046,"L-proline","CHEBI:17203","ONIBWKKTOPOVIA-BYPYZUCNSA-N","C5H9NO2","[M+CHO2]-","neg",FALSE,0,"2_3"
118.050489285119,23.7043233084028,118.042282104492,118.051631533794,19.5835452642961,25.5321017272428,"L-threonine","CHEBI:16857","AYFVYJQAPQTCCC-GBXIJSLDSA-N","C4H9NO3","[M-H]-","neg",FALSE,0,"1_6"
120.066256129061,22.9708831157438,120.064118113318,120.072900830764,20.4565497881371,24.7961791276378,"L-threonine","CHEBI:16857","AYFVYJQAPQTCCC-GBXIJSLDSA-N","C4H9NO3","[M+H]+","pos",FALSE,0,"1_6"
141.998573709629,22.2851056502171,141.994589395452,142.011673510063,20.6853275145904,24.5690177971813,"L-threonine","CHEBI:16857","AYFVYJQAPQTCCC-GBXIJSLDSA-N","C4H9NO3","[M+Na]+","pos",FALSE,0,"1_6"
777.693032973043,304.199378553853,777.69183635124,777.697029232254,300.798773041369,315.42142985312,"L-thyroxine","CHEBI:18332","XUIIKFGFIJCVMT-LBPRGKRZSA-N","C15H11I4NO4","[M+H]+","pos",FALSE,833.255050439288,"3_1"
775.680757277326,305.49875462088,775.67482293307,775.796988351004,303.036974069146,311.683219058175,"L-thyroxine","CHEBI:18332","XUIIKFGFIJCVMT-LBPRGKRZSA-N","C15H11I4NO4","[M-H]-","neg",FALSE,945.842130692773,"3_1"
203.082548556202,96.494852016958,203.079635620117,203.086029052734,88.2501388506573,112.722596026455,"L-tryptophan","CHEBI:16828","QIVBCDIJIAJPQS-VIFPVBQESA-N","C11H12N2O2","[M-H]-","neg",FALSE,490.306962578232,"1_2"
205.097318873917,99.3211323805391,205.096243326251,205.098688846049,96.3568740540401,109.587996772334,"L-tryptophan","CHEBI:16828","QIVBCDIJIAJPQS-VIFPVBQESA-N","C11H12N2O2","[M+H]+","pos",FALSE,453.559591042711,"1_2"
227.080210744727,99.7772669897417,227.078337427901,227.082063903549,96.1283223962055,104.796113742579,"L-tryptophan","CHEBI:16828","QIVBCDIJIAJPQS-VIFPVBQESA-N","C11H12N2O2","[M+Na]+","pos",FALSE,455.133970949251,"1_2"
202.097900115583,73.2717969035446,202.095413208008,202.099326139865,70.2912247931881,79.9244887167463,"L-tryptophanamide","CHEBI:16533","JLSKPBDKNIXMBS-VIFPVBQESA-N","C11H13N3O","[M-H]-","neg",FALSE,446.508936561911,"2_4"
204.113870247045,75.5845731126833,204.11290273677,204.114968141767,67.1444816980923,88.3637389899006,"L-tryptophanamide","CHEBI:16533","JLSKPBDKNIXMBS-VIFPVBQESA-N","C11H13N3O","[M+H]+","pos",FALSE,373.367337246676,"2_4"
228.047070811521,251.300054958156,228.045767920658,228.050532160081,247.189008482992,258.152687393321,"lipoamide","CHEBI:17460","FCCDDURTIIUXBY-UHFFFAOYSA-N","C8H15NOS2","[M+Na]+","pos",FALSE,755.767442024118,"2_6"
206.06863572793,251.300054958156,206.066839635498,206.087944738351,249.244573477125,253.583856521661,"lipoamide","CHEBI:17460","FCCDDURTIIUXBY-UHFFFAOYSA-N","C8H15NOS2","[M+H]+","pos",FALSE,755.767442024118,"2_6"
250.08630414339,266.859789413109,250.068732400322,250.100129319142,263.891104263097,270.056214844844,"lipoamide","CHEBI:17460","FCCDDURTIIUXBY-UHFFFAOYSA-N","C8H15NOS2","[M+CHO2]-","neg",FALSE,801.409348948644,"2_6"
231.113936166736,235.069722822628,231.111026062298,231.115454081206,232.78735020391,241.315430181474,"melatonin","CHEBI:16796","DRLFMBDRBRZALE-UHFFFAOYSA-N","C13H16N2O2","[M-H]-","neg",FALSE,709.668439795331,"2_7"
233.128590736837,234.765999233876,233.128366068574,233.129038782269,230.652363215669,240.794500409833,"melatonin","CHEBI:16796","DRLFMBDRBRZALE-UHFFFAOYSA-N","C13H16N2O2","[M+H]+","pos",FALSE,707.301787187354,"2_7"
255.111027278456,234.765999233876,255.110444223019,255.111433256236,230.880483893291,240.794500409833,"melatonin","CHEBI:16796","DRLFMBDRBRZALE-UHFFFAOYSA-N","C13H16N2O2","[M+Na]+","pos",FALSE,707.301787187354,"2_7"
244.080065599053,23.9650323347002,244.076995849609,244.194519042969,21.6810324148202,30.8093378775811,"N-acetyl-alpha-D-galactosamine","CHEBI:40356","OVRNDRQMDRJTHS-CBQIKETKSA-N","C8H15NO6","[M+Na]+","pos",FALSE,0,"2_4"
220.075514031239,24.4150274937265,220.070118616524,220.077652062915,21.2170278971065,31.0492379672215,"N-acetyl-alpha-D-galactosamine","CHEBI:40356","OVRNDRQMDRJTHS-CBQIKETKSA-N","C8H15NO6","[M-H]-","neg",FALSE,0,"2_4"
266.059020393916,23.5010272209465,265.928985595703,266.088592529297,18.7023609821865,30.3620473295955,"N-acetyl-alpha-D-galactosamine","CHEBI:40356","OVRNDRQMDRJTHS-CBQIKETKSA-N","C8H15NO6","[M+CHO2]-","neg",FALSE,0,"2_4"
222.067831515576,27.6181238620797,222.059426644543,222.08687531728,21.9096990780002,33.3213799053669,"N-acetyl-alpha-D-galactosamine","CHEBI:40356","OVRNDRQMDRJTHS-CBQIKETKSA-N","C8H15NO6","[M+H]+","pos",FALSE,206.065863087179,"2_4"
187.072529552193,27.0583752317501,187.071901624816,187.114709780511,22.4867085141901,44.0061001630711,"N-acetyl-L-glutamine","CHEBI:21553","KSMRODHGGIIXDV-YFKPBYRVSA-N","C7H12N2O4","[M-H]-","neg",FALSE,0,"1_2"
211.069853604191,25.857877354903,211.069190323803,211.098703616938,23.1227460881948,27.4507165195003,"N-acetyl-L-glutamine","CHEBI:21553","KSMRODHGGIIXDV-YFKPBYRVSA-N","C7H12N2O4","[M+Na]+","pos",FALSE,0,"1_2"
196.095257654381,25.3200225088872,196.088160171278,196.09810976826,21.8955876027618,26.9182484344934,"N-acetyl-L-leucine","CHEBI:17786","WXNXCEHXYPACJF-ZETCQYMHSA-N","C8H15NO3","[M+Na]+","pos",FALSE,0,"2_3"
174.079813355591,26.0066882887388,174.069983311506,174.112347881611,22.5808101490152,30.7921915079588,"N-acetyl-L-leucine","CHEBI:17786","WXNXCEHXYPACJF-ZETCQYMHSA-N","C8H15NO3","[M+H]+","pos",FALSE,200.445360607946,"2_3"
190.054429959185,114.073998132358,190.053916828172,190.055336024695,106.755352374848,121.478516162072,"N-acetyl-L-methionine","CHEBI:21557","XUYPXLNMDZIRQH-LURJTMIESA-N","C7H13NO3S","[M-H]-","neg",TRUE,505.321812211049,"2_9"
192.068777915499,114.21066561472,192.064277490068,192.07677574991,110.332067630395,119.917068793156,"N-acetyl-L-methionine","CHEBI:21557","XUYPXLNMDZIRQH-LURJTMIESA-N","C7H13NO3S","[M+H]+","pos",FALSE,502.980461483383,"2_9"
214.050240779361,114.667576688317,214.045227050781,214.054046630859,92.2931598572243,120.916619744871,"N-acetyl-L-methionine","CHEBI:21557","XUYPXLNMDZIRQH-LURJTMIESA-N","C7H13NO3S","[M+Na]+","pos",FALSE,503.572637388472,"2_9"
180.063661887248,65.9596041961329,180.061599731445,180.064636230469,51.0691279299138,76.2223679963337,"N-acetyl-L-proline","CHEBI:21560","GNMSLDIYJOSUSW-LURJTMIESA-N","C7H11NO3","[M+Na]+","pos",FALSE,339.796549464048,"2_2"
156.067120027688,63.9250276664448,156.058876461796,156.067644136834,45.3151054468758,80.4362818054177,"N-acetyl-L-proline","CHEBI:21560","GNMSLDIYJOSUSW-LURJTMIESA-N","C7H11NO3","[M-H]-","neg",FALSE,432.765304515013,"2_2"
158.082088501512,64.135509097774,158.079544067383,158.100463867188,43.9928415247057,79.1865831924559,"N-acetyl-L-proline","CHEBI:21560","GNMSLDIYJOSUSW-LURJTMIESA-N","C7H11NO3","[M+H]+","pos",FALSE,333.434314949499,"2_2"
269.089951983769,216.596720810209,269.085418701172,269.094635009766,212.477957697655,222.331715290781,"N-acetyl-L-tryptophan","CHEBI:74640","DZTHIGRZJZPRDV-LBPRGKRZSA-N","C13H14N2O3","[M+Na]+","pos",FALSE,663.783242149307,"2_3"
247.108052391372,216.596720810209,247.107125100174,247.108611700434,211.791690421232,220.729964335062,"N-acetyl-L-tryptophan","CHEBI:74640","DZTHIGRZJZPRDV-LBPRGKRZSA-N","C13H14N2O3","[M+H]+","pos",FALSE,663.783242149307,"2_3"
245.092498458603,217.754990305899,244.882766723633,245.107131958008,213.440907743718,238.937049634954,"N-acetyl-L-tryptophan","CHEBI:74640","DZTHIGRZJZPRDV-LBPRGKRZSA-N","C13H14N2O3","[M-H]-","neg",FALSE,667.45772966377,"2_3"
182.079110731192,110.533184884214,181.972702026367,182.088607788086,83.8221244108279,118.978756159353,"N-acetyl-L-valine","CHEBI:21565","IHYJTAOFMMMOPX-LURJTMIESA-N","C7H13NO3","[M+Na]+","pos",FALSE,495.264087174053,"2_5"
158.083456620975,109.681841363218,158.083222110385,158.083591412675,103.497080485135,121.45570600092,"N-acetyl-L-valine","CHEBI:21565","IHYJTAOFMMMOPX-LURJTMIESA-N","C7H13NO3","[M-H]-","neg",FALSE,500.040365356382,"2_5"
241.095283337924,166.013139144502,241.094886536143,241.095561023185,156.655610712985,180.726604070055,"N-acetylserotonin","CHEBI:17697","MVAWJSIDNICKHF-UHFFFAOYSA-N","C12H14N2O2","[M+Na]+","pos",FALSE,570.150007126453,"2_3"
217.097732478695,166.706298735218,217.097544409165,217.0979105387,163.27042951721,172.437828817912,"N-acetylserotonin","CHEBI:17697","MVAWJSIDNICKHF-UHFFFAOYSA-N","C12H14N2O2","[M-H]-","neg",FALSE,572.328448113422,"2_3"
219.11355317559,166.013139144502,219.113217479636,219.113685669964,156.427863003705,174.461795481092,"N-acetylserotonin","CHEBI:17697","MVAWJSIDNICKHF-UHFFFAOYSA-N","C12H14N2O2","[M+H]+","pos",FALSE,570.150007126453,"2_3"
263.097786731982,166.706298735218,263.069796475497,263.103604687862,160.974486424297,171.284694274559,"N-acetylserotonin","CHEBI:17697","MVAWJSIDNICKHF-UHFFFAOYSA-N","C12H14N2O2","[M+CHO2]-","neg",FALSE,572.328448113422,"2_3"
178.051142207454,154.801916992812,178.050540241864,178.051579035716,149.519260799555,163.976239214367,"N-benzoylglycine","CHEBI:18089","QIAFMBKCNZACKA-UHFFFAOYSA-N","C9H9NO3","[M-H]-","neg",TRUE,560.473001636234,"1_4"
202.046140920879,153.477097766044,202.00919730237,202.048851796408,146.861459508749,157.82847023228,"N-benzoylglycine","CHEBI:18089","QIAFMBKCNZACKA-UHFFFAOYSA-N","C9H9NO3","[M+Na]+","pos",FALSE,553.224922547978,"1_4"
180.057823239063,154.846560206994,180.05238055915,180.064352918489,151.423547949248,162.621314172392,"N-benzoylglycine","CHEBI:18089","QIAFMBKCNZACKA-UHFFFAOYSA-N","C9H9NO3","[M+H]+","pos",FALSE,555.015771973327,"1_4"
189.052269692443,27.5215976956701,189.05118019672,189.054339759311,25.6857094688101,39.1946636907121,"N-carbamoylglutamic acid","CHEBI:86349","LCQLHJZYVOQKHU-UHFFFAOYSA-N","C6H10N2O5","[M-H]-","neg",FALSE,400.060315059563,"1_2"
213.055014064399,26.5401490447274,213.049337479219,213.120122452848,24.2647448560748,31.7776216450869,"N-carbamoylglutamic acid","CHEBI:86349","LCQLHJZYVOQKHU-UHFFFAOYSA-N","C6H10N2O5","[M+Na]+","pos",FALSE,202.351032362045,"1_2"
263.1039479195,163.289564230511,263.103574192037,263.104284795679,159.162646986782,173.588025120066,"N(2)-phenylacetyl-L-glutamine","CHEBI:17884","JFLIEFSWGNOPJJ-JTQLQIEISA-N","C13H16N2O4","[M-H]-","neg",FALSE,570.55717464022,"1_4"
265.118711242575,162.849138233615,265.114715576172,265.254364013672,154.617816126326,170.384021940296,"N(2)-phenylacetyl-L-glutamine","CHEBI:17884","JFLIEFSWGNOPJJ-JTQLQIEISA-N","C13H16N2O4","[M+H]+","pos",FALSE,565.480763076218,"1_4"
287.101271491691,162.849138233615,287.100886877151,287.101539475735,155.30206822829,170.611956394569,"N(2)-phenylacetyl-L-glutamine","CHEBI:17884","JFLIEFSWGNOPJJ-JTQLQIEISA-N","C13H16N2O4","[M+Na]+","pos",FALSE,565.480763076218,"1_4"
308.086009684597,53.2019498799528,308.028930664062,308.087066650391,40.447182776739,55.7077647646521,"N(4)-acetylcytidine","CHEBI:70989","NIDVTARKFBZMOT-PEBGCTIMSA-N","C11H15N3O6","[M+Na]+","pos",FALSE,294.376067648321,"1_2"
284.088132523137,45.3792307257272,284.0879870467,284.088304214934,39.1946636907121,49.2691085091257,"N(4)-acetylcytidine","CHEBI:70989","NIDVTARKFBZMOT-PEBGCTIMSA-N","C11H15N3O6","[M-H]-","neg",FALSE,423.425770690731,"1_2"
187.109830175377,26.149922954966,187.047775268555,187.111526489258,23.8649238625327,42.6441829164334,"N(6)-acetyl-L-lysine","CHEBI:17752","DTERQYGMUDWYAZ-ZETCQYMHSA-N","C8H16N2O3","[M-H]-","neg",FALSE,0,"1_1"
189.124423135191,25.1752934376482,189.116125833273,189.153291693329,21.2947455427148,37.714712246303,"N(6)-acetyl-L-lysine","CHEBI:17752","DTERQYGMUDWYAZ-ZETCQYMHSA-N","C8H16N2O3","[M+H]+","pos",FALSE,0,"1_1"
239.11134069845,25.0235889847783,239.051742553711,239.125396728516,20.4565497881371,36.8776839600991,"N(alpha)-acetyl-L-arginine","CHEBI:40521","SNEIUMQYRCDYCH-LURJTMIESA-N","C8H16N4O3","[M+Na]+","pos",FALSE,0,"1_6"
217.129852681675,25.0235889847783,217.086192821205,217.138999702653,21.6001052306171,41.8876609380609,"N(alpha)-acetyl-L-arginine","CHEBI:40521","SNEIUMQYRCDYCH-LURJTMIESA-N","C8H16N4O3","[M+H]+","pos",FALSE,0,"1_6"
215.11629431086,25.7603241371428,215.10830720448,215.128505731137,20.4991018143228,44.7521977993868,"N(alpha)-acetyl-L-arginine","CHEBI:40521","SNEIUMQYRCDYCH-LURJTMIESA-N","C8H16N4O3","[M-H]-","neg",FALSE,0,"1_6"
261.083624250479,23.7043233084028,261.063585530793,261.106436707769,21.6483242677828,25.3033240007428,"N(alpha)-acetyl-L-arginine","CHEBI:40521","SNEIUMQYRCDYCH-LURJTMIESA-N","C8H16N4O3","[M+CHO2]-","neg",FALSE,0,"1_6"
664.116714565421,23.8077447196748,664.115386760292,664.117667520565,20.3797457000948,26.995347081335,"NAD zwitterion","CHEBI:44215","BAWFJGJZGIEFAR-NNYOXOHSSA-N","C21H27N7O14P2","[M+H]+","pos",FALSE,0,"1_2"
662.096023984409,24.9997094793168,661.928983842073,662.124632728378,22.2579307876901,27.5215976956701,"NAD zwitterion","CHEBI:44215","BAWFJGJZGIEFAR-NNYOXOHSSA-N","C21H27N7O14P2","[M-H]-","neg",FALSE,0,"1_2"
686.082231276821,23.1227460881948,685.963892984038,686.100387350769,19.6947452804348,25.1752934376482,"NAD zwitterion","CHEBI:44215","BAWFJGJZGIEFAR-NNYOXOHSSA-N","C21H27N7O14P2","[M+Na]+","pos",FALSE,0,"1_2"
666.132026772254,26.7682327153471,666.125797979735,666.134807587325,24.2647448560748,31.3220950826792,"NADH","CHEBI:16908","BOPGDPNILDQYTO-NNYOXOHSSA-N","C21H29N7O14P2","[M+H]+","pos",FALSE,203.13827880375,"1_2"
664.114656930746,28.2065981152834,664.105590820312,664.116943359375,25.4567082249101,39.887730843813,"NADH","CHEBI:16908","BOPGDPNILDQYTO-NNYOXOHSSA-N","C21H29N7O14P2","[M-H]-","neg",FALSE,400.956589884165,"1_2"
688.10766067562,26.7682327153471,688.083490903156,688.116471392842,24.0367445728148,29.2717546449333,"NADH","CHEBI:16908","BOPGDPNILDQYTO-NNYOXOHSSA-N","C21H29N7O14P2","[M+Na]+","pos",FALSE,203.13827880375,"1_2"
164.007139426007,22.6657459518548,163.988124531858,164.01321955054,19.9227455636948,24.9471118518279,"O-phosphoethanolamine","CHEBI:17553","SUHOOTKUPISOBE-UHFFFAOYSA-N","C2H8NO4P","[M+Na]+","pos",FALSE,0,"1_4"
142.014976276242,23.1227460881948,141.953384399414,142.034118652344,18.3237448713548,29.0444960744939,"O-phosphoethanolamine","CHEBI:17553","SUHOOTKUPISOBE-UHFFFAOYSA-N","C2H8NO4P","[M+H]+","pos",FALSE,0,"1_4"
218.139472959762,39.1027642863761,218.139274945925,218.139639632865,30.6492495856024,57.5872734059465,"O-propanoyl-L-carnitine","CHEBI:53210","UFAHZIUFPNSHSL-MRVPVSSYSA-N","C10H19NO4","[M+H]+","pos",FALSE,0,"2_7"
240.119038996794,39.1027642863761,239.972137451172,240.127593994141,33.8553773473795,50.5105457657964,"O-propanoyl-L-carnitine","CHEBI:53210","UFAHZIUFPNSHSL-MRVPVSSYSA-N","C10H19NO4","[M+Na]+","pos",FALSE,0,"2_7"
262.048318956685,24.0367445728148,262.04555314441,262.04933120168,19.9227455636948,26.995347081335,"O(4)-phospho-L-tyrosine","CHEBI:37788","DCWXELXMIBXGTH-QMMMGPOBSA-N","C9H12NO6P","[M+H]+","pos",FALSE,0,"1_1"
260.034309180847,25.236812778226,260.033549467685,260.040592300719,20.437812952126,27.3003678996593,"O(4)-phospho-L-tyrosine","CHEBI:37788","DCWXELXMIBXGTH-QMMMGPOBSA-N","C9H12NO6P","[M-H]-","neg",FALSE,0,"1_1"
284.035266379364,24.0367445728148,284.030386826264,284.083885292022,19.0087452909548,27.4507165195003,"O(4)-phospho-L-tyrosine","CHEBI:37788","DCWXELXMIBXGTH-QMMMGPOBSA-N","C9H12NO6P","[M+Na]+","pos",FALSE,0,"1_1"
194.081022918356,175.998616056931,194.080447098247,194.081559763066,169.601137785765,180.889677323668,"phenylacetylglycine","CHEBI:27480","UTYVDVLMYQPLQB-UHFFFAOYSA-N","C10H11NO3","[M+H]+","pos",FALSE,583.060235406666,"2_6"
216.063811621639,175.769942039402,216.063452511516,216.064279195603,169.829015429694,180.889677323668,"phenylacetylglycine","CHEBI:27480","UTYVDVLMYQPLQB-UHFFFAOYSA-N","C10H11NO3","[M+Na]+","pos",FALSE,582.763864293936,"2_6"
192.067888917468,176.886357839209,192.051681518555,192.09814453125,173.457323818069,197.912307161847,"phenylacetylglycine","CHEBI:27480","UTYVDVLMYQPLQB-UHFFFAOYSA-N","C10H11NO3","[M-H]-","neg",FALSE,585.139280301974,"2_6"
168.066248182281,25.80486321467,168.064361572266,168.127227783203,23.9792550719453,33.5693248841672,"pyridoxal","CHEBI:17310","RADKZDMFGJYCBB-UHFFFAOYSA-N","C8H9NO3","[M+H]+","pos",FALSE,0,"2_5"
166.052147744218,25.9879228484618,166.05161758304,166.054615029416,20.2714785945618,36.2863344735576,"pyridoxal","CHEBI:17310","RADKZDMFGJYCBB-UHFFFAOYSA-N","C8H9NO3","[M-H]-","neg",FALSE,0,"2_5"
190.04416370557,25.3487860676698,190.014150912147,190.065554988652,22.8372545159453,27.4071168804296,"pyridoxal","CHEBI:17310","RADKZDMFGJYCBB-UHFFFAOYSA-N","C8H9NO3","[M+Na]+","pos",FALSE,0,"2_5"
191.078487969659,22.0949514983382,191.074398122548,191.082021235978,19.8096182225382,26.1999563317505,"pyridoxamine","CHEBI:16410","NHZMQXZHNVQTQA-UHFFFAOYSA-N","C8H12N2O2","[M+Na]+","pos",FALSE,0,"2_1"
169.096018533537,21.6382851479982,169.092509694769,169.097136360131,19.5809515593782,26.1999563317505,"pyridoxamine","CHEBI:16410","NHZMQXZHNVQTQA-UHFFFAOYSA-N","C8H12N2O2","[M+H]+","pos",FALSE,0,"2_1"
218.118363432602,181.192442810335,218.118173508363,218.118685502737,178.502583337858,185.865360700275,"ritalinic acid","CHEBI:83481","INGSNVSERUZOAK-UHFFFAOYSA-N","C13H17NO2","[M-H]-","neg",FALSE,590.61114605234,"2_9"
220.13274345058,180.997884371096,220.131769432386,220.139756355999,173.401270305867,195.851806277023,"ritalinic acid","CHEBI:83481","INGSNVSERUZOAK-UHFFFAOYSA-N","C13H17NO2","[M+H]+","pos",TRUE,589.539496711094,"2_9"
242.114107508172,180.997884371096,242.113624517668,242.115295410156,174.770510602988,184.878034567703,"ritalinic acid","CHEBI:83481","INGSNVSERUZOAK-UHFFFAOYSA-N","C13H17NO2","[M+Na]+","pos",FALSE,589.539496711094,"2_9"
444.125707913023,23.8649238625327,444.089863560009,444.155596598093,22.037811823606,26.149922954966,"S-adenosyl-L-methionine","CHEBI:15414","MEFKEPWMEQBLKI-AIRLBKTGSA-O","C15H23N6O5S","[M+CHO2]-","neg",FALSE,0,"1_1"
88.0401824985744,28.2142571090794,88.0303601696345,88.0412109581172,26.6081451852127,32.3413650485958,"sarcosine","CHEBI:15611","FSYKKLYZXJSNPZ-UHFFFAOYSA-N","C3H7NO2","[M-H]-","neg",FALSE,400.966611138349,"1_1"
112.045094268798,21.7517456791148,112.03694152832,112.092803955078,18.7807450076948,31.7776216450869,"sarcosine","CHEBI:15611","FSYKKLYZXJSNPZ-UHFFFAOYSA-N","C3H7NO2","[M+Na]+","pos",FALSE,0,"1_1"
124.007316123599,23.3633900318097,124.007125346368,124.007631451,21.5353902810497,36.8595979173998,"taurine","CHEBI:15891","XOAAWQZATWQOTB-UHFFFAOYSA-N","C2H7NO3S","[M-H]-","neg",FALSE,0,"2_9"
126.020651337417,22.8515822925318,125.98184967041,126.024429321289,18.7324711917051,32.2200075634625,"taurine","CHEBI:15891","XOAAWQZATWQOTB-UHFFFAOYSA-N","C2H7NO3S","[M+H]+","pos",FALSE,0,"2_9"
148.014226060587,23.3085824289318,148.001956034141,148.038768234406,19.1894713280785,26.9673765295877,"taurine","CHEBI:15891","XOAAWQZATWQOTB-UHFFFAOYSA-N","C2H7NO3S","[M+Na]+","pos",FALSE,0,"2_9"
538.280909138378,286.530414125793,538.277467789864,538.282109014506,283.785793096824,294.998699407612,"taurocholic acid","CHEBI:28865","WBWWGRHZICKQGZ-HZAMXZRMSA-N","C26H45NO7S","[M+Na]+","pos",FALSE,782.174542340911,"3_2"
514.28319734487,285.516150907416,514.282059179262,514.283654275819,280.963677798235,293.016490238392,"taurocholic acid","CHEBI:28865","WBWWGRHZICKQGZ-HZAMXZRMSA-N","C26H45NO7S","[M-H]-","neg",FALSE,872.816099891534,"3_2"
516.296014078716,286.073889860984,515.981140136719,516.328491210938,280.814492930482,304.900103499513,"taurocholic acid","CHEBI:28865","WBWWGRHZICKQGZ-HZAMXZRMSA-N","C26H45NO7S","[M+H]+","pos",FALSE,781.484292586868,"3_2"
166.029076619263,24.4460212069313,166.02619934082,166.032196044922,20.1050214844313,39.5506168952982,"taurocyamine","CHEBI:17228","JKLRIMRKZBSSED-UHFFFAOYSA-N","C3H9N3O3S","[M-H]-","neg",FALSE,0,"2_3"
190.026573722582,23.7228093142418,189.972930908203,190.110137939453,21.8955876027618,40.3672854269782,"taurocyamine","CHEBI:17228","JKLRIMRKZBSSED-UHFFFAOYSA-N","C3H9N3O3S","[M+Na]+","pos",FALSE,0,"2_3"
168.058587311591,24.1798094505952,168.050911068641,168.069155516717,19.1538093084952,34.2139180098015,"taurocyamine","CHEBI:17228","JKLRIMRKZBSSED-UHFFFAOYSA-N","C3H9N3O3S","[M+H]+","pos",FALSE,0,"2_3"
500.303838160723,321.139161472472,499.956085205078,500.309417724609,309.005184142657,328.000946655953,"taurodeoxycholic acid","CHEBI:9410","AWDRATDZQPNJFN-VAYUFCLWSA-N","C26H45NO6S","[M+H]+","pos",FALSE,931.442529419025,"3_1"
522.284861279431,321.367447749229,522.283347473454,522.286224892418,317.022204697036,330.05956047524,"taurodeoxycholic acid","CHEBI:9410","AWDRATDZQPNJFN-VAYUFCLWSA-N","C26H45NO6S","[M+Na]+","pos",FALSE,932.839145812138,"3_1"
498.287888708547,320.234474049955,498.286000416125,498.289867359805,318.135359049385,325.945946800282,"taurodeoxycholic acid","CHEBI:9410","AWDRATDZQPNJFN-VAYUFCLWSA-N","C26H45NO6S","[M-H]-","neg",FALSE,999.693526453626,"3_1"
522.284974055186,317.493260801378,522.268283097689,522.292770448736,313.149056255287,320.694693513531,"tauroursodeoxycholic acid","CHEBI:80774","BHTRKEVKTKCXOH-LBSADWJPSA-N","C26H45NO6S","[M+Na]+","pos",FALSE,909.13753274008,"3_2"
498.287719196602,314.360361090541,498.280073945607,498.289350660325,311.512606498645,318.679837799218,"tauroursodeoxycholic acid","CHEBI:80774","BHTRKEVKTKCXOH-LBSADWJPSA-N","C26H45NO6S","[M-H]-","neg",FALSE,978.226696602263,"3_2"
209.145615714895,393.757059344105,209.124093073474,209.153280193458,389.184592051184,395.58681418608,"undecanoic acid","CHEBI:32368","ZDPHROOEEOARMN-UHFFFAOYSA-N","C11H22O2","[M+Na]+","pos",FALSE,1288.30656906254,"3_3"
347.025667192123,23.1227460881948,347.024296213775,347.027946468021,21.5237453958548,25.4025180755232,"uridine 5'-monophosphate","CHEBI:16695","DJJCXFVJDGTHFX-XVFCMESISA-N","C9H13N2O9P","[M+Na]+","pos",FALSE,0,"1_1"
323.030889293839,25.4648114719927,323.029340490726,323.031474675456,22.4948119599527,28.6715988471853,"uridine 5'-monophosphate","CHEBI:16695","DJJCXFVJDGTHFX-XVFCMESISA-N","C9H13N2O9P","[M-H]-","neg",FALSE,0,"1_1"
206.045403634071,122.004093548466,206.040817260742,206.154769897461,42.4609489139566,141.872439605731,"xanthurenic acid","CHEBI:10072","FBZONXHGGPHHIY-UHFFFAOYSA-N","C10H7NO4","[M+H]+","pos",FALSE,513.108007955632,"2_5"
228.027609134316,122.004093548466,228.026088460142,228.030312679657,119.663357047949,128.394596329991,"xanthurenic acid","CHEBI:10072","FBZONXHGGPHHIY-UHFFFAOYSA-N","C10H7NO4","[M+Na]+","pos",FALSE,513.108007955632,"2_5"
204.031301725365,119.992987885494,203.998596191406,204.137603759766,110.825919366439,163.005271466308,"xanthurenic acid","CHEBI:10072","FBZONXHGGPHHIY-UHFFFAOYSA-N","C10H7NO4","[M-H]-","neg",FALSE,513.111476375637,"2_5"
