"chrom_peak_id","sample","mz","rt","rtmin","rtmax","into","target_ChEBI.name","target_ChEBI","target_InChIKey","target_formula","target_M","adduct","score","ppm_error","polarity","mixture","adduct_mz","adduct_formula","ms1_adduct_count","ms1_adduct_05_count","isopeak_count","isopeak_sim","ms2_count","ms2_matched_count","ms2_true_count","RTI","rt_regions"
"CP011925",1,243.073385252334,40.811684147081,37.9796958131037,45.4569203203987,1814.95412436316,"5-hydroxy-L-tryptophan","CHEBI:17780","LDCYZAJDBXYCGN-VIFPVBQESA-N","C11H12N2O3",220.084792244,"[M+Na]+",-0.000626991666308641,2.57942698407126,"pos","1.1",243.074012244,"C11H12N2O3Na",8,5,2,0.974590083569887,5,0,0,323.000918439268,1
"CP011940",1,221.091583725727,40.1046692358479,37.2881004503456,49.4499959286172,29921.0919850847,"5-hydroxy-L-tryptophan","CHEBI:17780","LDCYZAJDBXYCGN-VIFPVBQESA-N","C11H12N2O3",220.084792244,"[M+H]+",-0.000484518273367485,2.19147741126907,"pos","1.1",221.092068244,"C11H13N2O3",8,2,4,0.982552037295568,7,1,1,319.474659530373,1
"CP012731",1,243.085399264159,379.083967035343,377.031767511875,381.222380884447,591.049749403979,"5-hydroxy-L-tryptophan","CHEBI:17780","LDCYZAJDBXYCGN-VIFPVBQESA-N","C11H12N2O3",220.084792244,"[M+Na]+",0.011387020158736,46.8458970731336,"pos","1.1",243.074012244,"C11H12N2O3Na",2,0,0,0,0,0,0,1123.62561714385,2
"CP013018",1,221.116748068809,449.095875488567,447.059354401636,451.651122959072,1282.21284273589,"5-hydroxy-L-tryptophan","CHEBI:17780","LDCYZAJDBXYCGN-VIFPVBQESA-N","C11H12N2O3",220.084792244,"[M+H]+",0.0246798248087146,111.626911832394,"pos","1.1",221.092068244,"C11H13N2O3",3,0,0,0,1,0,0,1410.17022118833,3
"CP013103",1,221.116645907476,474.560980626314,471.006111911679,477.953473570324,1297.98044279769,"5-hydroxy-L-tryptophan","CHEBI:17780","LDCYZAJDBXYCGN-VIFPVBQESA-N","C11H12N2O3",220.084792244,"[M+H]+",0.0245776634755543,111.164835856663,"pos","1.1",221.092068244,"C11H13N2O3",0,0,0,0,1,0,0,1513.07389097129,4
"CP104030",2,265.082175121181,42.1832342864158,39.3928916446621,44.2949522468429,597.964903826243,"5-hydroxy-L-tryptophan","CHEBI:17780","LDCYZAJDBXYCGN-VIFPVBQESA-N","C11H12N2O3",220.084792244,"[M+CHO2]-",-0.000817122819341876,3.08251695978194,"neg","1.1",265.082992244,"C12H13N2O5",7,5,3,0.74685938429237,0,0,0,299.994224080944,1
"CP104373",2,219.077145681369,41.4760134211609,38.0148778454765,50.5820856370299,198457.744208596,"5-hydroxy-L-tryptophan","CHEBI:17780","LDCYZAJDBXYCGN-VIFPVBQESA-N","C11H12N2O3",220.084792244,"[M-H]-",-0.000370562630820359,1.69146810304185,"neg","1.1",219.077516244,"C11H11N2O3",8,2,3,0.985328548060807,7,1,1,294.659526447576,1
"CP011474",1,282.034931241529,23.1486284151479,21.7738284151559,25.3566284151839,7998.45492707695,"alpha-D-glucosamine 6-phosphate","CHEBI:15873","XHMJOUIAFHJHBW-UKFBFLRUSA-N","C6H14NO8P",259.045703038,"[M+Na]+",8.20352926211854e-06,0.0290869271569366,"pos","1.1",282.034923038,"C6H14NO8PNa",11,1,4,0.98903582399707,3,1,1,0,1
"CP103759",2,258.037464556172,25.0325944568949,22.2121944569229,30.0901655869939,105936.932126386,"alpha-D-glucosamine 6-phosphate","CHEBI:15873","XHMJOUIAFHJHBW-UKFBFLRUSA-N","C6H14NO8P",259.045703038,"[M-H]-",-0.000962481827514239,3.72999416622742,"neg","1.1",258.038427038,"C6H13NO8P",4,2,4,0.989004035620546,5,1,1,0,1
"CP012460",1,343.17410557061,354.325420156586,351.589304478144,357.164570976536,1016.8707871251,"alpha-D-glucosyl-(1->4)-alpha-D-mannose","CHEBI:47937","GUBGYTABKSRVRQ-DKBJLJRDSA-N","C12H22O11",342.116211524,"[M+H]+",0.0506180466095998,147.521368982528,"pos","1.1",343.123487524,"C12H23O11",1,0,0,0,1,0,0,1023.67575443288,2
"CP013118",1,365.135574655047,475.276412653273,471.692876252812,477.953473570324,1481.4273485093,"alpha-D-glucosyl-(1->4)-alpha-D-mannose","CHEBI:47937","GUBGYTABKSRVRQ-DKBJLJRDSA-N","C12H22O11",342.116211524,"[M+Na]+",0.0301431310468843,82.5600729111663,"pos","1.1",365.105431524,"C12H22O11Na",1,1,1,0.854869865711061,5,1,0,1515.96569382885,3
"CP103113",2,387.113438644508,25.7353944569229,23.5235944569309,27.8575123061385,4286.04543743245,"alpha-D-glucosyl-(1->4)-alpha-D-mannose","CHEBI:47937","GUBGYTABKSRVRQ-DKBJLJRDSA-N","C12H22O11",342.116211524,"[M+CHO2]-",-0.000972879492451284,2.51315751490943,"neg","1.1",387.114411524,"C13H23O13",6,3,3,0.980554193752049,0,0,0,0,1
"CP103363",2,341.107599105819,25.7353944569229,23.5235944569309,34.4490635852614,13398.2902377089,"alpha-D-glucosyl-(1->4)-alpha-D-mannose","CHEBI:47937","GUBGYTABKSRVRQ-DKBJLJRDSA-N","C12H22O11",342.116211524,"[M-H]-",-0.0013364181813813,3.91786330466056,"neg","1.1",341.108935524,"C12H21O11",6,2,4,0.984494652635695,4,0,0,0,1
"CP011900",1,227.113423738929,29.5375042308086,26.6268284151719,34.4106880405516,29351.1391961493,"carnosine","CHEBI:15727","CQOVPNPJLQNMDC-ZETCQYMHSA-N","C9H14N4O3",226.106590308,"[M+H]+",-0.000442569070997934,1.94866600702286,"pos","1.1",227.113866308,"C9H15N4O3",6,1,3,0.978040250654963,7,1,1,203.853152908421,1
"CP011901",1,227.113653306203,22.4426284151519,20.4744284151479,26.6268284151719,21843.4732451661,"carnosine","CHEBI:15727","CQOVPNPJLQNMDC-ZETCQYMHSA-N","C9H14N4O3",226.106590308,"[M+H]+",-0.000213001796652179,0.937863460803918,"pos","1.1",227.113866308,"C9H15N4O3",10,3,4,0.976482481784928,10,1,1,0,1
"CP012305",1,249.109232241092,273.209901341646,269.087559100413,276.438590355869,712.670353583444,"carnosine","CHEBI:15727","CQOVPNPJLQNMDC-ZETCQYMHSA-N","C9H14N4O3",226.106590308,"[M+Na]+",0.013421933091962,53.8826127800632,"pos","1.1",249.095810308,"C9H14N4O3Na",2,0,0,0,2,0,0,731.511307890202,2
"CP012361",1,227.126723448572,310.54380523097,308.486741179994,313.261721603645,445.011848392974,"carnosine","CHEBI:15727","CQOVPNPJLQNMDC-ZETCQYMHSA-N","C9H14N4O3",226.106590308,"[M+H]+",0.0128571405722369,56.6109889336333,"pos","1.1",227.113866308,"C9H15N4O3",3,0,0,0,1,0,0,856.472076724669,3
"CP012410",1,227.124834768007,331.645602716374,329.566716755744,334.448002735896,1072.14090077307,"carnosine","CHEBI:15727","CQOVPNPJLQNMDC-ZETCQYMHSA-N","C9H14N4O3",226.106590308,"[M+H]+",0.0109684600072057,48.2949816561658,"pos","1.1",227.113866308,"C9H15N4O3",3,0,0,0,1,0,0,935.107212049792,4
"CP012424",1,249.146421764891,342.628512737095,340.592974018227,346.062374589598,680.526298987544,"carnosine","CHEBI:15727","CQOVPNPJLQNMDC-ZETCQYMHSA-N","C9H14N4O3",226.106590308,"[M+Na]+",0.0506114568905218,203.180683079102,"pos","1.1",249.095810308,"C9H14N4O3Na",1,0,0,0,0,0,0,977.57375635419,5
"CP012719",1,227.125276057866,378.38337876684,375.648227414232,381.222380884447,1447.79603167834,"carnosine","CHEBI:15727","CQOVPNPJLQNMDC-ZETCQYMHSA-N","C9H14N4O3",226.106590308,"[M+H]+",0.0114097498661465,50.2380151931067,"pos","1.1",227.113866308,"C9H15N4O3",4,0,0,0,1,0,0,1120.7462703362,6
"CP103677",2,225.098826073631,22.9249944568989,20.6561944569309,27.2411944568949,142218.519139709,"carnosine","CHEBI:15727","CQOVPNPJLQNMDC-ZETCQYMHSA-N","C9H14N4O3",226.106590308,"[M-H]-",-0.000488234368845042,2.16897315012252,"neg","1.1",225.099314308,"C9H13N4O3",4,1,4,0.978089427716751,9,1,1,0,1
"CP103678",2,225.098965920714,30.0901655869939,27.2411944568949,37.2921385521451,129177.871403645,"carnosine","CHEBI:15727","CQOVPNPJLQNMDC-ZETCQYMHSA-N","C9H14N4O3",226.106590308,"[M-H]-",-0.000348387285811214,1.54770478480677,"neg","1.1",225.099314308,"C9H13N4O3",5,1,4,0.977231615711949,7,1,1,208.773972897151,1
"CP011722",1,505.995772330251,30.8790123244368,28.1372670876281,32.9347821074787,479.252650446909,"CTP","CHEBI:17677","PCDQPRRSZKQHHS-XVFCMESISA-N","C9H16N3O14P3",482.984512082,"[M+Na]+",0.0220402482514146,43.5600641968557,"pos","1.1",505.973732082,"C9H16N3O14P3Na",5,0,0,0,0,0,0,223.212530837999,1
"CP011857",1,484.010704238477,37.2881004503456,35.1654299441004,39.453670242242,996.587903860885,"CTP","CHEBI:17677","PCDQPRRSZKQHHS-XVFCMESISA-N","C9H16N3O14P3",482.984512082,"[M+H]+",0.018916156477303,39.0836310513975,"pos","1.1",483.991788082,"C9H17N3O14P3",7,0,0,0,0,0,0,305.426934914395,1
"CP105291",2,481.977990558175,38.6997886664875,34.4490635852614,57.2791378290401,249843.768236525,"CTP","CHEBI:17677","PCDQPRRSZKQHHS-XVFCMESISA-N","C9H16N3O14P3",482.984512082,"[M-H]-",0.000754476174563479,1.56537719643489,"neg","1.1",481.977236082,"C9H15N3O14P3",3,1,5,0.977366923718696,3,0,0,273.71795026385,1
"CP011473",1,126.054202527992,23.8596284151479,21.7738284151559,25.3566284151839,738.605192333004,"D-alpha-aminobutyric acid","CHEBI:28797","QWCKQJZIFLGMSD-GSVOUGTGSA-N","C4H9NO2",103.063328528,"[M+Na]+",0.00165399999188764,13.121511712397,"pos","1.1",126.052548528,"C4H9NO2Na",3,0,2,0.98780121196897,0,0,0,0,1
"CP011825",1,330.071672932477,35.7023841363327,33.5987051432036,39.453670242242,2842.60431471012,"glutathione","CHEBI:16856","RWSXRVCMGQZWBV-WDSKDSINSA-N","C10H17N3O6S",307.083806264,"[M+Na]+",-0.00135333152320527,4.10009729823498,"pos","1.1",330.073026264,"C10H17N3O6SNa",9,4,3,0.895240965291089,2,0,0,292.818877788036,1
"CP011946",1,308.090963196051,36.5566716510517,32.9347821074787,44.1920851735287,150696.150532159,"glutathione","CHEBI:16856","RWSXRVCMGQZWBV-WDSKDSINSA-N","C10H17N3O6S",307.083806264,"[M+H]+",-0.000119067949185592,0.386469963072685,"pos","1.1",308.091082264,"C10H18N3O6S",9,1,5,0.961664737291036,8,1,1,301.778910977765,1
"CP104378",2,306.076483445511,35.1573644311856,29.2651666200674,44.2949522468429,443042.558496342,"glutathione","CHEBI:16856","RWSXRVCMGQZWBV-WDSKDSINSA-N","C10H17N3O6S",307.083806264,"[M-H]-",-4.68184887836287e-05,0.152963341368404,"neg","1.1",306.076530264,"C10H16N3O6S",4,1,5,0.961058039462051,7,0,0,246.996789855719,1
"CP011687",1,386.024964477695,29.5375042308086,28.1372670876281,32.2653472166307,1443.10135372091,"guanosine 5'-monophosphate","CHEBI:17345","RQFCJASXJCIDSX-UUOKFMHZSA-N","C10H14N5O8P",363.057999038,"[M+Na]+",-0.0222545603047593,57.647249370727,"pos","1.1",386.047219038,"C10H14N5O8PNa",3,0,0,0,0,0,0,203.853152908421,1
"CP011878",1,386.045663667377,37.9796958131037,32.9347821074787,40.1046692358479,2074.2621107774,"guanosine 5'-monophosphate","CHEBI:17345","RQFCJASXJCIDSX-UUOKFMHZSA-N","C10H14N5O8P",363.057999038,"[M+Na]+",-0.00155537062278199,4.02896471229053,"pos","1.1",386.047219038,"C10H14N5O8PNa",10,3,4,0.757386296177539,1,0,0,308.876288344611,1
"CP011958",1,364.065478654431,37.9796958131037,31.5801176994434,45.4569203203987,48925.805290334,"guanosine 5'-monophosphate","CHEBI:17345","RQFCJASXJCIDSX-UUOKFMHZSA-N","C10H14N5O8P",363.057999038,"[M+H]+",0.000203616431349474,0.55928550540345,"pos","1.1",364.065275038,"C10H15N5O8P",10,1,7,0.963122297959502,2,1,1,308.876288344611,1
"CP104997",2,362.050837698812,38.0148778454765,30.8137296657801,56.0318219035168,453949.555029134,"guanosine 5'-monophosphate","CHEBI:17345","RQFCJASXJCIDSX-UUOKFMHZSA-N","C10H14N5O8P",363.057999038,"[M-H]-",0.000114660811732392,0.316698198446513,"neg","1.1",362.050723038,"C10H13N5O8P",4,2,4,0.973234913080637,13,1,1,268.551541415605,1
"CP104998",2,362.050229377953,27.8575123061385,25.7353944569229,30.8137296657801,71786.6469604979,"guanosine 5'-monophosphate","CHEBI:17345","RQFCJASXJCIDSX-UUOKFMHZSA-N","C10H14N5O8P",363.057999038,"[M-H]-",-0.000493660046856803,1.36351073328747,"neg","1.1",362.050723038,"C10H13N5O8P",5,1,4,0.972889291269003,8,1,1,125.28901894156,1
"CP011785",1,291.034615681637,31.5801176994434,29.5375042308086,38.7288540146065,2365.29708931375,"homocystine","CHEBI:17485","ZTVZLYBCZNMWCF-UHFFFAOYSA-N","C8H16N2O4S2",268.055148992,"[M+Na]+",-0.00975331036283933,33.5114209445757,"pos","1.1",291.044368992,"C8H16N2O4S2Na",3,0,0,0,3,0,0,233.33022150843,1
"CP011886",1,269.062460236957,25.9298284151639,23.1486284151479,28.8487509453493,205495.374459942,"homocystine","CHEBI:17485","ZTVZLYBCZNMWCF-UHFFFAOYSA-N","C8H16N2O4S2",268.055148992,"[M+H]+",3.52449568481461e-05,0.130991746057422,"pos","1.1",269.062424992,"C8H17N2O4S2",6,1,5,0.96515669742467,9,1,1,0,1
"CP103590",2,267.047045718618,26.5403944569309,24.3041944568949,30.0901655869939,67683.3393921963,"homocystine","CHEBI:17485","ZTVZLYBCZNMWCF-UHFFFAOYSA-N","C8H16N2O4S2",268.055148992,"[M-H]-",-0.00082727338156019,3.09784673546144,"neg","1.1",267.047872992,"C8H15N2O4S2",4,1,5,0.967173055577754,5,0,0,0,1
"CP011707",1,198.084979119199,23.8596284151479,19.7124284151479,25.9298284151639,9307.07184205548,"L-citrulline","CHEBI:16349","RHGKLRLOHDJJDR-BYPYZUCNSA-N","C6H13N3O3",175.095691276,"[M+Na]+",6.78431987068961e-05,0.342495540270442,"pos","1.1",198.084911276,"C6H13N3O3Na",9,3,5,0.981456972204247,4,1,1,0,1
"CP011809",1,198.055648213299,36.5566716510517,34.4106880405516,38.7288540146065,916.183343862687,"L-citrulline","CHEBI:16349","RHGKLRLOHDJJDR-BYPYZUCNSA-N","C6H13N3O3",175.095691276,"[M+Na]+",-0.029263062701375,147.729892766045,"pos","1.1",198.084911276,"C6H13N3O3Na",3,1,4,0.751892190999629,0,0,0,301.778910977765,2
"CP011504",1,120.065084104063,24.6014284151519,22.4426284151519,28.8487509453493,2617.50287434804,"L-homoserine","CHEBI:15699","UKAUYVFTDYCKQA-VKHMYHEASA-N","C4H9NO3",119.058243147999,"[M+H]+",-0.000435043936434454,3.62338779294492,"pos","1.1",120.065519147999,"C4H10NO3",4,2,3,0.985506242936434,2,2,1,0,1
"CP012109",1,120.075641241964,103.121806869103,100.394778577607,109.849294200435,1385.60991023916,"L-homoserine","CHEBI:15699","UKAUYVFTDYCKQA-VKHMYHEASA-N","C4H9NO3",119.058243147999,"[M+H]+",0.0101220939650233,84.3047532451533,"pos","1.1",120.065519147999,"C4H10NO3",0,0,0,0,1,0,0,454.76510085539,2
"CP011467",1,169.094382037773,22.4426284151519,21.0176284151879,24.6014284151519,1800.78503068716,"L-lysine","CHEBI:18019","KDXKERNSBIXSRK-YFKPBYRVSA-N","C6H14N2O2",146.105527688,"[M+Na]+",-0.000365650226655134,2.16239848756156,"pos","1.1",169.094747688,"C6H14N2O2Na",6,4,3,0.988106600515694,2,0,0,0,1
"CP011642",1,147.112309079306,22.4426284151519,19.7124284151479,25.9298284151639,3245.33701983316,"L-lysine","CHEBI:18019","KDXKERNSBIXSRK-YFKPBYRVSA-N","C6H14N2O2",146.105527688,"[M+H]+",-0.000494608693799137,3.36210500649633,"pos","1.1",147.112803688,"C6H15N2O2",6,4,2,0.98581281294527,3,1,1,0,1
"CP011643",1,147.112181169831,28.8487509453493,25.9298284151639,31.5801176994434,1977.23438407813,"L-lysine","CHEBI:18019","KDXKERNSBIXSRK-YFKPBYRVSA-N","C6H14N2O2",146.105527688,"[M+H]+",-0.000622518168768238,4.23157028594525,"pos","1.1",147.112803688,"C6H15N2O2",5,3,2,0.983578969658857,0,0,0,166.725912846495,1
"CP012159",1,147.098058185535,103.121806869103,99.0089284129504,111.014136211252,7810.25824489442,"L-lysine","CHEBI:18019","KDXKERNSBIXSRK-YFKPBYRVSA-N","C6H14N2O2",146.105527688,"[M+H]+",-0.0147455024645637,100.23262486273,"pos","1.1",147.112803688,"C6H15N2O2",0,0,0,0,8,0,0,454.76510085539,2
"CP012245",1,169.085512885665,204.976525489841,202.446998808888,206.949412590598,876.195298359099,"L-lysine","CHEBI:18019","KDXKERNSBIXSRK-YFKPBYRVSA-N","C6H14N2O2",146.105527688,"[M+Na]+",-0.00923480233518603,54.6131826177437,"pos","1.1",169.094747688,"C6H14N2O2Na",1,0,0,0,1,0,0,578.450273024688,3
"CP012258",1,169.085364542568,222.414658841589,220.375134948378,225.008948864541,439.295934543524,"L-lysine","CHEBI:18019","KDXKERNSBIXSRK-YFKPBYRVSA-N","C6H14N2O2",146.105527688,"[M+Na]+",-0.00938314543196839,55.4904605865193,"pos","1.1",169.094747688,"C6H14N2O2Na",0,0,0,0,2,0,0,600.230281965757,4
"CP102984",2,145.097472086871,22.9249944568989,21.0337944568989,26.5403944569309,17963.1713141911,"L-lysine","CHEBI:18019","KDXKERNSBIXSRK-YFKPBYRVSA-N","C6H14N2O2",146.105527688,"[M-H]-",-0.000779601129352159,5.37291883453227,"neg","1.1",145.098251688,"C6H13N2O2",2,2,3,0.9888708529947,5,0,0,0,1
"CP011413",1,140.081094004904,0.064228415147889,-0.481371584832111,0.602828415155889,268.86316794927,"L-valine","CHEBI:16414","KZSNJWFQEVHDMF-BYPYZUCNSA-N","C5H11NO2",117.078978592,"[M+Na]+",0.0128954129038164,92.0652441699416,"pos","1.1",140.068198592,"C5H11NO2Na",4,0,0,0,0,0,0,0,1
"CP012088",1,118.072185042356,103.121806869103,99.6261616767501,106.570093117477,900.24518411045,"L-valine","CHEBI:16414","KZSNJWFQEVHDMF-BYPYZUCNSA-N","C5H11NO2",117.078978592,"[M+H]+",-0.0140695496441197,119.146378998397,"pos","1.1",118.086254592,"C5H12NO2",2,0,0,0,1,0,0,454.76510085539,3
"CP012223",1,118.064255196738,187.49447768158,185.474179215472,190.251359097364,3534.63533593261,"L-valine","CHEBI:16414","KZSNJWFQEVHDMF-BYPYZUCNSA-N","C5H11NO2",117.078978592,"[M+H]+",-0.0219993952621991,186.299373607955,"pos","1.1",118.086254592,"C5H12NO2",1,0,0,0,3,1,0,556.728991261027,4
"CP194278",1,140.081069019579,1.51222841518789,0.602828415155889,5.72282841514789,1140.223409048,"L-valine","CHEBI:16414","KZSNJWFQEVHDMF-BYPYZUCNSA-N","C5H11NO2",117.078978592,"[M+Na]+",0.0128704275790028,91.8868644587388,"pos","1.1",140.068198592,"C5H11NO2Na",3,0,0,0,0,0,0,0,1
"CP103310",2,116.070864312419,28.5531829901886,26.5403944569309,32.1840236659563,2584.34833933021,"L-valine","CHEBI:16414","KZSNJWFQEVHDMF-BYPYZUCNSA-N","C5H11NO2",117.078978592,"[M-H]-",-0.000838279581444112,7.22208395952218,"neg","1.1",116.071702592,"C5H10NO2",2,1,2,0.990463451863473,2,0,0,173.886342310793,2
"CP011920",1,186.05447518816,40.811684147081,37.2881004503456,45.4569203203987,3016.43730429679,"N-acetyl-L-cysteine","CHEBI:28939","PWKSKIMOESPYIA-BYPYZUCNSA-N","C5H9NO3S",163.030314148,"[M+Na]+",0.0349410401600778,187.835327725733,"pos","1.1",186.019534148,"C5H9NO3SNa",2,0,0,0,8,0,0,323.000918439268,1
"CP011979",1,164.037010570098,51.9126082100621,50.0535475541646,54.0312603152176,1607.21863879623,"N-acetyl-L-cysteine","CHEBI:28939","PWKSKIMOESPYIA-BYPYZUCNSA-N","C5H9NO3S",163.030314148,"[M+H]+",-0.000579577902271922,3.53320176033437,"pos","1.1",164.037590148,"C5H10NO3S",5,2,3,0.899892770984738,2,1,1,378.367123242194,2
"CP011980",1,186.018924131685,51.9126082100621,50.0535475541646,54.7094710403958,1917.48335072665,"N-acetyl-L-cysteine","CHEBI:28939","PWKSKIMOESPYIA-BYPYZUCNSA-N","C5H9NO3S",163.030314148,"[M+Na]+",-0.000610016315107487,3.27931320708581,"pos","1.1",186.019534148,"C5H9NO3SNa",5,2,3,0.976687841148456,5,0,0,378.367123242194,2
"CP104561",2,162.022356110738,51.0988634352558,45.6637664980924,58.4960153937385,39101.0432653112,"N-acetyl-L-cysteine","CHEBI:28939","PWKSKIMOESPYIA-BYPYZUCNSA-N","C5H9NO3S",163.030314148,"[M-H]-",-0.000682037262350832,4.20950792027381,"neg","1.1",162.023038148,"C5H8NO3S",3,1,4,0.91536422513374,2,0,0,367.246461758021,2
"CP104729",2,162.022215830236,92.011966343385,88.6326297582382,97.9354712272185,4603.06813586981,"N-acetyl-L-cysteine","CHEBI:28939","PWKSKIMOESPYIA-BYPYZUCNSA-N","C5H9NO3S",163.030314148,"[M-H]-",-0.000822317764146874,5.07531381676553,"neg","1.1",162.023038148,"C5H8NO3S",1,1,3,0.92451499373989,6,0,0,443.391451674922,3
"CP011778",1,175.045307490981,34.4106880405516,30.3389382740956,36.5566716510517,1789.53272637901,"N-alpha-acetyl-L-asparagine","CHEBI:139582","HXFOXFJUNFFYMO-BYPYZUCNSA-N","C6H10N2O4",174.0640568,"[M+H]+",-0.0260253090187064,148.655457192626,"pos","1.1",175.0713328,"C6H11N2O4",8,4,2,0.881836774121181,5,1,1,274.178339570517,1
"CP011924",1,175.085777172104,40.811684147081,37.9796958131037,45.4569203203987,3274.84141850412,"N-alpha-acetyl-L-asparagine","CHEBI:139582","HXFOXFJUNFFYMO-BYPYZUCNSA-N","C6H10N2O4",174.0640568,"[M+H]+",0.0144443721042364,82.5056385487027,"pos","1.1",175.0713328,"C6H11N2O4",1,0,0,0,3,0,0,323.000918439268,1
"CP012142",1,175.08938719621,103.121806869103,100.394778577607,109.128496949356,1985.86050823385,"N-alpha-acetyl-L-asparagine","CHEBI:139582","HXFOXFJUNFFYMO-BYPYZUCNSA-N","C6H10N2O4",174.0640568,"[M+H]+",0.0180543962104025,103.125942560954,"pos","1.1",175.0713328,"C6H11N2O4",1,0,0,0,3,0,0,454.76510085539,2
"CP013095",1,175.111073506679,474.560980626314,472.529388102483,476.713805577549,607.657036364695,"N-alpha-acetyl-L-asparagine","CHEBI:139582","HXFOXFJUNFFYMO-BYPYZUCNSA-N","C6H10N2O4",174.0640568,"[M+H]+",0.0397407066794528,226.997224753251,"pos","1.1",175.0713328,"C6H11N2O4",4,0,0,0,1,0,0,1513.07389097129,3
"CP104027",2,173.056382968541,35.898282021586,30.0901655869939,40.0569517444161,142940.575624609,"N-alpha-acetyl-L-asparagine","CHEBI:139582","HXFOXFJUNFFYMO-BYPYZUCNSA-N","C6H10N2O4",174.0640568,"[M-H]-",-0.000397831458656128,2.29884929568809,"neg","1.1",173.0567808,"C6H9N2O4",3,1,6,0.979414150182566,10,0,0,252.585668111744,1
"CP104028",2,173.056250989651,27.8575123061385,26.5403944569309,30.0901655869939,58915.6737608078,"N-alpha-acetyl-L-asparagine","CHEBI:139582","HXFOXFJUNFFYMO-BYPYZUCNSA-N","C6H10N2O4",174.0640568,"[M-H]-",-0.000529810348695037,3.06148274714143,"neg","1.1",173.0567808,"C6H9N2O4",3,1,4,0.98917812310246,6,0,0,125.28901894156,1
"CP011633",1,211.105006089673,28.1372670876281,25.9298284151639,33.5987051432036,17112.7017226875,"N(6)-acetyl-L-lysine","CHEBI:17752","DTERQYGMUDWYAZ-ZETCQYMHSA-N","C8H16N2O3",188.116092372,"[M+Na]+",-0.000306282327073859,1.4508508745348,"pos","1.1",211.105312372,"C8H16N2O3Na",8,2,3,0.985760204373703,3,0,0,110.593064111095,1
"CP011798",1,189.123155108951,27.4382284151879,25.3566284151839,34.4106880405516,63323.3466182152,"N(6)-acetyl-L-lysine","CHEBI:17752","DTERQYGMUDWYAZ-ZETCQYMHSA-N","C8H16N2O3",188.116092372,"[M+H]+",-0.000213263048976842,1.12763986181422,"pos","1.1",189.123368372,"C8H17N2O3",10,1,6,0.983593225806159,10,2,1,0,1
"CP011810",1,211.068296698869,35.1654299441004,32.9347821074787,37.9796958131037,1036.6522684156,"N(6)-acetyl-L-lysine","CHEBI:17752","DTERQYGMUDWYAZ-ZETCQYMHSA-N","C8H16N2O3",188.116092372,"[M+Na]+",-0.0370156731312932,175.342215292365,"pos","1.1",211.105312372,"C8H16N2O3Na",1,0,0,0,2,0,0,285.070061968235,1
"CP012168",1,211.131282783805,103.121806869103,99.0089284129504,112.14099970244,17521.7034893705,"N(6)-acetyl-L-lysine","CHEBI:17752","DTERQYGMUDWYAZ-ZETCQYMHSA-N","C8H16N2O3",188.116092372,"[M+Na]+",0.0259704118049342,123.021119237257,"pos","1.1",211.105312372,"C8H16N2O3Na",0,0,0,0,8,0,0,454.76510085539,2
"CP013024",1,211.108708801566,451.106916391522,449.741149468749,453.68988367591,1055.6478274058,"N(6)-acetyl-L-lysine","CHEBI:17752","DTERQYGMUDWYAZ-ZETCQYMHSA-N","C8H16N2O3",188.116092372,"[M+Na]+",0.00339642956637931,16.0887924998983,"pos","1.1",211.105312372,"C8H16N2O3Na",2,0,3,0.804040816901051,1,1,0,1418.29645981022,3
"CP103676",2,187.108281273061,28.5531829901886,26.5403944569309,37.2921385521451,141315.290023998,"N(6)-acetyl-L-lysine","CHEBI:17752","DTERQYGMUDWYAZ-ZETCQYMHSA-N","C8H16N2O3",188.116092372,"[M-H]-",-0.000535098938769352,2.85982750115578,"neg","1.1",187.108816372,"C8H15N2O3",4,1,4,0.986800390455524,9,0,0,173.886342310793,1
"CP011941",1,262.047249851742,37.2881004503456,30.8790123244368,51.9126082100621,22625.4039899045,"O(4)-phospho-L-tyrosine","CHEBI:37788","DCWXELXMIBXGTH-QMMMGPOBSA-N","C9H12NO6P",261.040223734,"[M+H]+",-0.000249882257833178,0.953576195486809,"pos","1.1",262.047499734,"C9H13NO6P",7,2,4,0.986196640572491,3,0,0,305.426934914395,1
"CP011961",1,283.98274299239,51.9126082100621,50.0535475541646,53.2531170479753,341.528893161242,"O(4)-phospho-L-tyrosine","CHEBI:37788","DCWXELXMIBXGTH-QMMMGPOBSA-N","C9H12NO6P",261.040223734,"[M+Na]+",-0.0467007416098681,164.422184530997,"pos","1.1",284.029443734,"C9H12NO6PNa",4,0,0,0,1,0,0,378.367123242194,2
"CP104585",2,260.032601261011,36.6014392028961,30.0901655869939,47.805878855527,202010.727295731,"O(4)-phospho-L-tyrosine","CHEBI:37788","DCWXELXMIBXGTH-QMMMGPOBSA-N","C9H12NO6P",261.040223734,"[M-H]-",-0.000346472988780988,1.33241957144374,"neg","1.1",260.032947734,"C9H11NO6P",5,2,4,0.989366975716668,9,0,0,257.889712626422,1
"CP104586",2,260.032387002526,27.2411944568949,25.0325944568949,30.0901655869939,73769.3838011247,"O(4)-phospho-L-tyrosine","CHEBI:37788","DCWXELXMIBXGTH-QMMMGPOBSA-N","C9H12NO6P",261.040223734,"[M-H]-",-0.000560731473512988,2.15638625181677,"neg","1.1",260.032947734,"C9H11NO6P",6,2,4,0.989314253922802,5,0,0,0,1
"CP011937",1,400.147148956336,30.8790123244368,27.4382284151879,38.7288540146065,39963.7979171593,"S-adenosyl-L-methionine","CHEBI:15414","MEFKEPWMEQBLKI-AIRLBKTGSA-O","C15H23N6O5S",399.145063836,"[M+H]+",-0.00519087966358711,12.9722586795683,"pos","1.1",400.152339836,"C15H24N6O5S",2,0,3,0.804228006686667,2,0,0,223.212530837999,1
"CP011938",1,400.147122852762,22.4426284151519,20.4744284151479,27.4382284151879,7026.90745165918,"S-adenosyl-L-methionine","CHEBI:15414","MEFKEPWMEQBLKI-AIRLBKTGSA-O","C15H23N6O5S",399.145063836,"[M+H]+",-0.00521698323831288,13.0374927720053,"pos","1.1",400.152339836,"C15H24N6O5S",4,0,3,0.82213383522502,4,0,0,0,1
"CP011479",1,90.0536487035804,23.8596284151479,22.4426284151519,25.9298284151639,1160.05317955071,"sarcosine","CHEBI:15611","FSYKKLYZXJSNPZ-UHFFFAOYSA-N","C3H7NO2",89.047678464,"[M+H]+",-0.00130576041955521,14.4995955783554,"pos","1.1",90.054954464,"C3H8NO2",3,1,1,0.96134390942429,0,0,0,0,1
"CP011549",1,112.031819454648,25.9298284151639,23.8596284151479,28.8487509453493,2436.69677972547,"sarcosine","CHEBI:15611","FSYKKLYZXJSNPZ-UHFFFAOYSA-N","C3H7NO2",89.047678464,"[M+Na]+",-0.00507900935195948,45.3333626831118,"pos","1.1",112.036898464,"C3H7NO2Na",0,0,0,0,2,0,0,0,1
"CP011639",1,90.0361720780814,25.9298284151639,23.1486284151479,28.8487509453493,5543.26550841038,"sarcosine","CHEBI:15611","FSYKKLYZXJSNPZ-UHFFFAOYSA-N","C3H7NO2",89.047678464,"[M+H]+",-0.0187823859185698,208.565825504672,"pos","1.1",90.054954464,"C3H8NO2",0,0,0,0,3,0,0,0,1
"CP011699",1,90.0053601582595,30.3389382740956,28.1372670876281,33.5987051432036,1715.81648464907,"sarcosine","CHEBI:15611","FSYKKLYZXJSNPZ-UHFFFAOYSA-N","C3H7NO2",89.047678464,"[M+H]+",-0.0495943057404844,550.711574234486,"pos","1.1",90.054954464,"C3H8NO2",1,0,0,0,3,0,0,215.418692172266,1
"CP103457",2,134.046531074226,32.1840236659563,29.2651666200674,37.2921385521451,755.330138035058,"sarcosine","CHEBI:15611","FSYKKLYZXJSNPZ-UHFFFAOYSA-N","C3H7NO2",89.047678464,"[M+CHO2]-",0.000652610226183015,4.868558687974,"neg","1.1",134.045878464,"C4H8NO4",1,1,1,0.946378310620207,0,0,0,224.568331190616,1
"CP105087",2,134.046309895415,151.119575789453,147.978221225519,154.474445463073,1209.1413421545,"sarcosine","CHEBI:15611","FSYKKLYZXJSNPZ-UHFFFAOYSA-N","C3H7NO2",89.047678464,"[M+CHO2]-",0.000431431415108818,3.21853547496192,"neg","1.1",134.045878464,"C4H8NO4",1,1,2,0.978456562596248,4,2,0,514.040043842624,2
"CP011877",1,347.024173523678,37.9796958131037,35.7023841363327,40.1046692358479,3002.01168675059,"uridine 5'-monophosphate","CHEBI:16695","DJJCXFVJDGTHFX-XVFCMESISA-N","C9H13N2O9P",324.035866626,"[M+Na]+",-0.000913102321646875,2.63122856772299,"pos","1.1",347.025086626,"C9H13N2O9PNa",8,4,5,0.788069038779962,1,0,0,308.876288344611,2
"CP012023",1,347.033464815212,91.1209835728607,86.011498460742,95.4541747633099,4332.78414048739,"uridine 5'-monophosphate","CHEBI:16695","DJJCXFVJDGTHFX-XVFCMESISA-N","C9H13N2O9P",324.035866626,"[M+Na]+",0.00837818921240796,24.1428920711931,"pos","1.1",347.025086626,"C9H13N2O9PNa",3,0,0,0,5,1,0,440.743317995561,3
"CP012031",1,325.052143247282,91.1209835728607,82.8555220150393,96.6510940467038,14467.2865014053,"uridine 5'-monophosphate","CHEBI:16695","DJJCXFVJDGTHFX-XVFCMESISA-N","C9H13N2O9P",324.035866626,"[M+H]+",0.00900062128170021,27.6905435044248,"pos","1.1",325.043142626,"C9H14N2O9P",3,0,0,0,8,1,0,440.743317995561,3
"CP104580",2,323.028525175453,38.0148778454765,30.0901655869939,49.1291097909834,609364.088734348,"uridine 5'-monophosphate","CHEBI:16695","DJJCXFVJDGTHFX-XVFCMESISA-N","C9H13N2O9P",324.035866626,"[M-H]-",-6.54505471970879e-05,0.202615338383054,"neg","1.1",323.028590626,"C9H12N2O9P",6,2,4,0.985286249343762,6,1,1,268.551541415605,2
"CP104581",2,323.028287793292,27.2411944568949,25.7353944569229,30.0901655869939,209332.758124854,"uridine 5'-monophosphate","CHEBI:16695","DJJCXFVJDGTHFX-XVFCMESISA-N","C9H13N2O9P",324.035866626,"[M-H]-",-0.000302832707973266,0.937479581563985,"neg","1.1",323.028590626,"C9H12N2O9P",9,2,4,0.985140358144403,4,1,1,0,1
